Name,Score
EOEZFU,36
RQSFQP,66
YMLTMF,40
YMDYFT,10
PBPDVX,100
HXLTWV,6
BTGTXB,89
JODRBV,17
VGUHLY,66
ZUWWNH,50
DLHQFF,99
VCEBCV,59
UGORUS,13
KCIRYC,99
NSHJEF,20
RXLEHA,43
BXMJLI,19
IERLUB,89
SMYTID,6
OQAMPY,98
EBOZPX,12
DUEAEX,91
MAYXPF,98
ZCYBBL,1
GTKUTY,100
HHDJKU,62
GJJOXI,21
QYRQYC,50
NDNXMI,1
SBGZCW,35
TOYFIK,72
FHSIGE,27
FDSTTZ,79
RGPNMD,75
RJFLWL,26
GIOALT,12
JDCJQY,76
XEEOFQ,55
BEXMUI,61
SPHBFB,11
VXMXNR,12
VLOHTE,14
WKAIWR,23
HCQXWY,91
FTGYJY,84
GLRSXZ,79
FBYUZY,31
SDFFNC,54
YWSASF,31
HLPRAK,19
IFNGCB,45
FVXFCI,37
ZLGKRW,72
UTRTYD,32
VJQDHE,66
KWRATY,35
DHWLEJ,79
JCIHGN,20
DYPKIR,29
MFVXMW,80
MIPVKC,97
UTXSFC,18
VNPTYJ,49
ZOKCHC,88
GMVKOO,26
VZGQAR,19
JKTAQX,18
NGXUDO,80
FPZWNJ,50
XRPQMH,92
ZYWTKD,88
DBQMUO,23
HBCSDL,44
WIGYOO,43
VXLIDM,67
PLNUEM,18
WVTRPS,2
MDQIWQ,23
OKWOYQ,59
UFHIYL,30
FENGVB,51
FMRHOU,52
MYMKJW,30
SQQDPH,76
SAIEWU,21
GSLGXZ,96
DOSEKZ,58
KGXZVZ,3
TMVCFY,59
HUDCJT,54
SMKRTB,97
BAVKLY,95
QMRLSN,49
HGIJTC,94
CLSUYC,28
BYFOBJ,27
VZBBQT,19
UBSCKU,80
NCEXWH,32
VQLVUT,20
QWIPEE,47
FOFXRJ,43
QNQHGI,23
IWPCDQ,74
FVUZSH,100
AEHVVC,32
DMXMCJ,64
GUWBAF,81
TZKRJQ,29
OOQOIA,49
WXXEKK,63
TVRGYZ,15
JCSBYF,1
VYVUFR,66
PEZEIG,44
OJWGRQ,38
DDHCHS,14
CUMYXO,96
XGSVGP,69
DKBKOO,59
FWITHE,67
DASAJZ,33
ANVNEQ,19
BPTJLS,84
BFCBJI,57
XFYMLO,26
HMBPHY,56
NBVPQI,69
FKGZFJ,63
GHVUVH,44
ZHWNTV,41
YRLCUE,42
DZGKKB,70
UPYSQL,99
TPFPFZ,61
GZWDAS,82
RPZQOQ,34
DVFHOK,82
XBWEVH,0
OZIGVU,50
NHNMLQ,8
WFGAFC,23
STCCQR,47
RWVNRZ,85
MSBBPJ,9
MNBXEI,55
YTGIJQ,52
SJSJMX,74
ELFFZL,61
RZZHJM,72
SFDOGC,29
UWHHUM,81
VETWIL,42
BVMLGH,95
MRGBRA,87
PQKOPU,77
GWXHOM,8
SMSSUI,28
IAWXPG,3
GFHSDK,34
PSJJTW,99
RNSYWR,66
KXYBQR,21
ZDGYQN,80
ARFLEN,59
IQUKDI,28
MLBPLW,49
IIVOJL,93
UCSRKG,9
SWOFNK,0
ALWHDY,15
GGEZHT,88
VZYLGU,10
LTIMPO,71
RTUEGU,47
CLGXZX,36
DOHASZ,24
TVKHNK,89
BAJVML,12
OFMGKW,99
LYBBGD,59
MNIVAQ,31
YAKFAX,14
KXOOEJ,7
YHQGLQ,11
FVUMAB,25
QGFUML,35
GOOVMR,98
SWIVXJ,75
SAYPOG,11
NDHKPH,32
OXWHUM,27
UMTIKJ,81
MHZUIB,18
ZTPMPN,17
KVUGLU,62
DANYIP,61
MZMLFG,52
UXAMOK,59
MBKJJG,84
PMBQMZ,11
KURGTT,3
RZREYI,57
YWONEO,11
KLYNIA,31
PNVUWE,89
PLBNBI,40
WZBNZD,39
XYAKPQ,20
WQGZDL,82
SMVKPK,16
IOCJHI,40
IUSIIA,70
BQRHPX,38
MWEVYL,72
JSATXC,16
MUJNHP,23
LGTOJR,19
FEDOYS,30
CDSXAB,57
HZASNI,80
LAQKDD,9
KAGXNW,13
SYVXFO,0
QXGBMF,16
EZWWZZ,24
DTJJXL,79
XXTVVW,14
YQCJNJ,95
CEFIYA,83
ZBTTLP,25
OAJAJK,10
VFSXTB,44
BTOSVV,9
LXHVUG,77
MWLRMC,41
VJCHLM,90
VCRSKR,6
AAUJFG,53
CPTVCT,35
QSJGTQ,56
IWHQUJ,15
CSTICC,67
ZYJDTL,57
MILEDP,43
XECSDP,86
WCPQHK,0
PKPJMX,82
BEODWY,49
YMYBRY,99
KCQPBM,84
WSXYCI,21
AQIPMF,44
IXIKUX,31
GAMHSJ,1
CSTERY,23
AGNWYY,0
TDQKKH,44
LKDHYM,16
ROBDMP,67
QMMEAP,67
VDSNXD,83
DPTJIS,94
SWGFQQ,43
HMNXSQ,100
NGVVKB,100
IDQOGR,61
AKXFXO,9
UHSOWQ,21
ZRTROM,64
NRLRBL,86
GTUPWZ,39
TUAMBZ,19
TPQEGZ,0
JSJSNQ,93
COZIIW,54
TRUNIK,72
QROSAX,93
HPQXAP,46
QKVURH,94
IHULYK,88
EKQWXL,69
AJGIZL,20
EOLOPA,91
CXBCMV,11
GCZRAM,39
XIOBHX,36
LRWOSO,88
VBCLEC,86
YCAJRB,18
UDOLCL,23
QARNWB,21
CVFIXN,14
TGSABM,50
CGCWDI,85
THJWEE,23
NAUGBI,60
CBMUDH,10
OKZXNV,15
JAFLKE,87
XOIDOR,12
DSBIWA,52
PZALPA,19
RWDWYH,6
BMGHRE,94
YIOLJZ,4
SWOJBS,60
ZJOEYA,77
RRPMOW,61
IBVGBI,39
JRGTXJ,77
TCSJXI,97
KRDQUR,30
YWPZUS,33
HSKEDG,81
UQELGR,89
OLRZFI,87
GEOWFJ,33
SIPRRO,10
JPFRIF,49
YVZUTU,87
TBKXXV,34
NGFJJJ,77
PMGKQZ,31
JBPEOK,5
LYKKRE,21
BJBRSO,77
VFLBZC,67
JDGYTS,79
RKLTMM,83
DZFZJY,18
WDDGQX,34
FMSIRN,60
OARMPA,68
JYWBEJ,87
QINBZG,71
GTGBCQ,78
GMDCAO,46
WFTKMS,66
GTWIMT,7
XKVHON,38
CFNPNN,23
GBOIMD,70
NSAVRI,33
EQXPOJ,4
OCGFCH,43
SHDELD,36
XFDFEF,44
HKKIBP,85
KHUGIU,73
QRJNUS,20
VIHVLU,50
CQZGDW,69
OVTPKV,65
CQVVHX,53
RJGUCH,22
XZOFAQ,18
PZFPQD,29
UXWANR,100
IGKPIC,17
VPYXCW,96
CYHEGM,51
ZQIMDM,56
MWSLOP,95
DGWMLH,25
VORWMC,56
WRZFSZ,50
JANKTP,15
ASSFLZ,60
SCPXPD,81
UJJWRL,78
TLVHKA,40
BCQBGJ,6
LPKXVL,6
POSLCO,43
DOQVFK,46
XONQZK,82
RDYVJD,91
HGFFSJ,33
ZDPRHY,80
VHOHHT,47
VQTCVO,23
CNVOAE,8
XRRQXD,71
YOTALH,79
VIBETB,88
OGTPZV,44
QJPKGT,43
ODOTJQ,95
IRJXSZ,61
KVXJGF,89
WDOPEH,47
EVBPRL,60
MXSQNP,2
JEZJEC,55
DAZQNL,66
MAHZEH,93
IHDNJG,81
BGOWTO,36
QRYSXC,25
SLSSOT,49
RITRDP,56
UDCPSD,80
WNAGSD,35
LLBFEX,92
PJQYZC,40
KERGDJ,23
DTMFUN,2
DYACRP,81
RNRMGU,99
YDRHWN,24
RGAEDF,32
XPRYAJ,60
KPZIJH,76
ENAGSJ,15
QYJMRP,94
NPLXRW,88
NIVOKD,100
QNVFPO,28
FNVKOH,40
RRBBED,31
HNCDXX,80
WUUSHU,52
MABUEC,54
AUHROX,69
ALOUGK,10
ZMNRGW,81
BXNLLP,73
ZPRXAN,99
KBDHGW,34
FCKQPQ,18
MZCQDK,10
VNXDXN,0
MYGMVE,69
FRSUXX,64
OUJOUU,88
MOMEOK,100
MUKMIY,2
SGBPVC,68
WFBMXP,26
NFWAQS,3
GCINKR,29
SNAFXU,70
DDGLBH,100
SAHAQH,76
VGNSJT,92
AOFGCU,7
JSLXCH,13
UNAYEK,62
KYOAYL,54
QWTKDB,58
MNOSHU,69
VTTGJM,94
KLWIAY,33
VWULKF,38
KVLNRG,75
WLCVBP,11
BEFRNX,28
TNLQOP,30
VCOREF,93
ERAPXL,18
TXPSYQ,54
TNAMGG,24
PJMWIY,86
GPNZDE,7
HZEPUQ,63
BWOHVD,7
CDCGFE,9
NBMQJN,73
KZLTRT,38
AEOMJZ,57
HXUKGQ,8
NWVUGS,23
HJUVMF,47
RRFBWP,55
RYNJCU,0
XFRZSQ,84
DYLANI,49
ZKYNHG,51
QOYYXH,72
AJFCOG,83
XDESLS,81
USUSCY,94
XNYAVS,17
YZNQTG,35
NSXPQJ,41
CRQXJZ,13
JSIEYJ,5
FSBNJQ,87
SOSSWW,77
NCJYBP,4
AHWTPA,70
PCDHFJ,78
RHLWKR,36
LRRZAV,6
CGRWXC,17
XAYBOA,50
QQKTEI,44
MLLQFN,32
GRGFPQ,26
FQULKE,22
BZULVO,33
GVUQYA,38
QUYIHV,58
MCRMJD,60
VLPMQX,94
WQYDBH,22
ZCBXBF,66
ZEPPVU,54
FZSEST,48
OUXKJC,51
YTGBSF,55
HRJUFX,0
QMYJZT,88
LZQPTM,92
CKBIHO,47
UMPJML,0
INIBRP,68
FJBATR,98
JOQJSM,43
GECQZK,46
SXLKAS,49
ZXAGET,21
UJDWIO,14
YOLZJW,94
QCTSCM,70
GROWGJ,45
GMGPZS,89
OIZQTH,9
JBBPYU,17
HOZDIL,88
AVSSHP,45
VPVVTW,37
SUUHFH,26
FUTGRQ,38
GYWFKE,21
DVUDKK,71
HMWDFO,63
JTHGCD,65
XERGHJ,87
ICWVOW,70
ZETQIX,11
ZLZULC,72
KLDZTC,91
NRJPOI,7
WLUVUT,5
GQMDQO,75
XORPFP,43
XKNHKD,72
KKOUAZ,71
SKLJVE,6
QJZMDG,49
ERNIPT,74
IKHSLV,41
LGPNRW,88
WLXFGO,90
SCNNGH,17
PQCOGW,93
HAJTSZ,3
UNFFAQ,2
YVNMTH,30
KXPLVH,10
PWWRJX,83
BNFWXN,83
ETJYKK,11
LLDWMW,95
OWLWLH,70
JQUMGD,12
DFJAUP,15
FZWRGT,65
LUYFEM,9
WQQQLI,30
WIGGXG,6
EVUJUS,19
CZJCFB,96
YKWCDX,71
OWZXWY,66
NQTJGE,94
TBKTRS,87
HRZGFK,46
CJBAAF,43
AVBAAH,24
XVBLNY,11
TMQOBE,65
UUAVWD,40
IXTUYL,18
IXHUJV,34
NHWDWL,87
QRRKLN,60
ROVVXK,22
CZVUPV,30
WJENYK,27
QYCOHD,91
KIJVNQ,16
BCQGQS,3
TUVIOC,53
YVACTC,34
RKGLFR,48
BJGGRI,78
OLKRHN,39
DYYHVG,90
MEADOC,49
TORYDW,11
UMWKZR,83
VJDTKV,49
LKUYZK,1
EVZMOV,31
KYNXMW,39
HEASEF,34
KOMKCF,67
WUZFPD,19
TLIYOW,78
YDGAQC,95
SAZJYC,78
KJPYRE,3
IUKILJ,7
ZCZYZG,99
XLFOGD,57
AWBQSS,87
QBNZXX,58
ZJQWXY,23
DZJXAQ,43
GMYGEO,86
MBGLQG,15
ZIQGGJ,76
HFUNWP,3
NCUFUP,60
EJVUFG,21
ISRBHC,74
XCMDMS,18
YRNBLY,23
NDQBRW,45
LHBBVP,95
VCSNWS,93
IUBCEW,52
DQOVCQ,29
IDRRXG,59
MDNFPE,57
IDUKZZ,100
SBKAPX,70
DVLRBU,62
GTQSNN,60
DWPCWK,85
KFSSQF,63
TZPAFR,66
FCZKYX,15
GNGLMM,36
RFQUAP,46
GZUUAE,41
BOIQZV,65
EHYFCL,12
VWCMEI,43
YHMUEP,42
ZTJHAL,24
FDWOJL,87
TLEACE,17
PYEMDJ,96
UBZTCW,83
LWHVQL,68
JCZCUV,87
BPTYDP,34
NQAHVS,68
ZVJDSK,14
NCGLGN,21
IPPZYY,72
YTKNDZ,27
SCFVCV,39
HKYZKH,2
SBRJRE,45
ZYVOJV,22
XCGJQZ,23
BZMMNQ,9
UQNEFH,100
EAZQNN,58
ZGDBNM,24
HICBEB,86
ACJPTP,67
LNXAIM,19
THGXNG,3
XRRFKC,42
ZDACHX,22
CUNHLL,69
VUVRMA,0
PJQMEU,9
RBEPZF,70
JNNDOE,64
CKKMMI,53
OYSQNE,75
DUSCDV,24
RVEXWM,65
SNRSWP,87
OBISQY,26
NTJFNU,10
XJVMIA,91
HXOOCM,53
ATXDQW,48
QCBMQP,93
FXQHAO,57
AXSMSE,36
WFIDXS,95
VEHPUB,63
WRDMWS,100
TPIBNK,83
WPSGNQ,61
WGGIEI,95
KHLFGV,88
EBHVBW,56
UHSLFB,80
NZXJNI,82
XXAIUV,26
HZJCTP,23
ZABXPY,32
HXHEUU,3
HIENDI,14
WALTNN,100
SGOKBU,9
LKZEVO,61
WSUNRB,85
MRVWFZ,44
ZJFEVY,47
LRHZHM,66
SWJJCC,28
TSSBSK,63
DPWAIX,46
BRTAPL,93
FRJJDY,58
KPVDYC,82
RHLPEB,74
WQNBSV,9
GWQKVQ,34
XXZSVA,13
SEZXIE,83
NVYYON,6
UINYXW,17
JIAVRL,64
DDPGYK,36
APEXJP,47
IWPTCL,33
MRFREH,47
CZPVQC,46
VVICGR,96
DPXPOV,76
LXMXLG,41
LLBYIM,1
UHPYEA,35
SWBYQE,13
NYXXDJ,58
KOOPNR,47
XZVKRC,78
IPQYUM,82
BYLBTW,4
MCLRUR,41
ICPVYM,48
OTPTOU,99
SZUXIA,22
REFDUZ,42
MITWPI,12
EQQPUG,84
TKBCWI,49
MLTBGI,47
IKCCNE,3
JOEFST,99
TZDVJG,30
CXQDQG,29
PYJNBT,48
EALJNQ,27
GTRVYN,25
APYBDQ,0
AZBXIE,42
TISKUZ,83
MQXGVG,58
RUVVZC,55
JKSOLU,100
QLCBAF,68
ZAWQSV,30
WUQMYL,12
YPYUOQ,94
HYEDZY,3
LASJMW,16
CFGAJB,3
LZJXLA,53
HCCTLN,96
OBXSXH,85
IHZCKU,97
OLMAFI,77
CQDVSD,10
WMHPQI,64
LVIEDL,0
SIZQPT,77
ECKBDR,14
BWPWQC,27
LEHFRG,96
EXIZTL,100
ICENNX,58
UNKAOI,33
LZROLU,26
ZGVHZZ,99
JDJRRT,67
JXMWKF,67
MEMJSL,74
BPXPKP,8
DUYXNX,68
EBZYCV,92
VNGUZH,82
ZJJQGW,100
FKIXQN,29
ERPOXQ,32
KCBLKR,66
OXSWJC,10
ZULAXM,12
NLGXHK,45
WCRCVS,47
XYJHFH,75
ENAJLD,13
GWLAUD,25
DDKPGM,15
TFLYRH,69
AERLQF,50
ROZOQU,17
WNVAQG,69
JLRYUO,68
LUIIMA,56
HFZWYP,98
MHPVNQ,50
VUMEMI,73
WBBOWN,39
MUTTBW,13
ZAMGBV,32
GYZRND,89
NWXPSL,56
JBHWJN,8
XHHFVW,72
BTMYKH,8
TQXQSA,70
LGDWRX,42
PZQQIJ,69
SJGFIU,20
HUQKLF,83
ATASEI,29
UGARXO,48
UHTWCR,62
ATHBYS,64
ZFPJQY,69
KUCCAW,34
MASGEM,21
JJQMZV,41
KKWGNF,94
VEGXGZ,68
IXXRMY,68
RKTOEZ,23
NAAOIZ,56
MDNAGG,51
VSAOOV,61
CDXOYV,3
WPYYCI,10
SWYTYH,63
IKXPBZ,14
CHUBLF,51
SLYELW,79
RKMLNU,49
RRWBER,76
RYCXLS,100
LOALWM,2
GRGAJY,34
EZQYAK,41
JQQEEK,93
CMYOGU,97
GEDESR,92
XRNSPB,29
GMTFRH,85
GWGVHQ,1
COVVYU,96
MRZAZM,29
WLHUYQ,26
QWHMSW,80
HNZWBN,97
JFNDAO,8
ZNTDVC,88
QLQMKM,61
HIWVPE,67
TGMLJU,63
XPKPUO,69
NJDBFJ,50
BAOYDH,57
ZSNRHK,97
TLMTJL,24
EEDTUV,77
XXXKPC,37
QVJBQX,72
OETAPP,29
FEWATL,10
FNVYIF,72
UFTXWF,70
SHEPME,51
PBPQXJ,5
BPDPDB,5
QGIYEK,76
BJIWPE,14
GUPMZU,65
OPKGUM,63
HUFGDZ,80
DFLZUJ,37
OHYQRW,8
EIUGOA,24
DRBKOI,59
SWWWWI,42
POVQAU,76
ZHWDDD,58
YABAPK,3
GWTCBW,10
NSRJNF,43
CIYXKW,93
DIROUZ,64
SVMHBM,36
QBOQDC,82
EJGIGY,26
PKFGMQ,28
SZEGDV,34
MBHJFS,10
TPBFCE,46
TXUKXO,66
ZVTIPI,44
VXMPMY,30
SAAWQB,64
PGYGCG,93
JSAEPK,19
CWGKSR,30
ISEWLZ,93
OWPLLE,34
ILPKBM,65
SMILMF,3
UPOFFB,84
YWMPNC,45
SGIUNL,52
OLBPGB,84
OYEFIM,100
UEKOHM,36
ZWDAJY,8
BKZUOO,46
OYGLTQ,57
RSPYGJ,42
LEDPFH,95
IDUMSY,32
OIEVOS,72
NWIBTP,62
JMRYKR,38
ELNKOD,82
YMBTTZ,39
JLCXUD,98
VLIALY,83
CNEMPD,25
DRGSSU,47
ZFVEPG,84
QKZVEJ,7
XYIMTD,43
FXYTXV,19
OZEAOH,35
BPXEYS,15
UVALCJ,80
HHXUTB,45
AAHNBX,71
KCHFVU,46
IGDJXL,51
YTIHST,10
TMMBJW,33
XKTBBN,80
EYLMPR,33
KJZYNM,54
WDKDIS,22
YZFGVJ,3
PXTZAS,14
YTARGC,28
VGWWZU,72
DHHJZP,69
YPOOYE,71
HYNLXX,97
ITNSOM,28
SDQWEC,91
RYIKOJ,3
ZSGEBS,44
AQJEKF,82
BXVJZC,16
EXJKWV,64
QHGLQJ,92
TPDJYM,11
ECTNTQ,39
EYYSHW,90
FLWNZU,69
WHIHVY,4
ONWVQL,77
LDPMIC,8
ITTPII,32
NQHDPT,87
GOOFNT,0
VDITXJ,45
CYRANQ,25
SNGPUG,53
QIAKKA,31
LRGQEY,91
PPPWLT,73
GLZUNH,25
SZQBBW,61
FRSVBG,31
SAOCBE,20
UEGJJE,63
ZHCPBC,38
AZDGZO,52
THDDFL,13
NKQUFC,73
FLSITO,75
ANKOUF,45
EPCVCH,56
LJFCTF,89
IJEJZO,23
QVUTZF,90
GOHPXT,86
KRVJPE,22
SFZOCN,58
YPUTGJ,76
OVHXDQ,41
OVFOUC,36
RUFZOW,35
LFMESO,1
JLZIFC,54
PMJZWY,40
THJEUV,60
SKROMR,45
YXUKGK,73
NMSQEH,21
NYASUF,59
WZEKPA,61
GZYXOJ,66
LYXOIN,56
KGZWMR,42
WBOUHM,7
VVEIDR,20
MMWVKC,4
PBSWNO,16
NKNUXH,21
KXGSCV,38
NIWJZO,51
OLMWOL,11
KIBYGT,56
FHNAQJ,65
PVOWBJ,38
WFFUNS,49
UKSDEQ,79
RYZYUW,2
VLESDD,85
PAGDDP,40
VIUBOM,61
OSXHOE,74
MVSTYZ,66
HLOMYW,66
EBOWIG,69
HVKOYA,76
OQZTXF,7
PNZYEK,24
BIJHQE,26
CVIRDR,94
ETYLPE,12
VKWEQN,73
FQBHEW,12
ZOCXZT,91
CHEYTK,36
TYJIGB,73
QLPONF,14
CIAFNR,76
HYGGZN,36
MOFHAZ,24
EHLIPR,27
SZURPC,82
ILGBRY,8
ZCFENF,89
OBPKHE,83
IVKWPT,22
ZTIIJY,87
BTXDKU,6
RPJRDV,22
ZCDADH,57
SENAMN,37
TIOQTI,57
VHTXUX,23
PYLFCN,63
SOYWSG,34
QJRQKH,99
PQUXRS,81
BUKYGX,28
STROCS,46
NUSOCL,43
FGFEMI,48
LQZIUQ,30
IQYMTE,25
WTEYXS,71
IBAIFJ,69
HUTXLH,65
GWVQFW,1
GQGKZO,95
ZGGVVA,91
SNOUWZ,66
BGFWNQ,56
ZDTDFI,75
OMIHMK,83
DGGQHN,44
UTQNDT,0
RDWEQP,31
ZPGLIS,85
RWNMIK,56
PMZNKL,24
JGRAJC,77
VSOCGA,81
RPBIBF,29
GXGUZR,6
JWIIUL,85
JEUVCL,49
FYIJFD,46
XDZKKN,46
WLQPEN,82
FFVKHS,92
IHYFUS,33
HMQGCL,18
YGKYKT,29
LBXFGY,15
NMRYFQ,51
ICUCMA,9
CEEMCZ,67
DCAJFF,48
KHREPD,29
VDVZJI,33
WGUKFC,76
SLMDEX,21
JTSXXU,34
AAPDNL,74
ZPZJWE,94
HUPGRH,1
IWKKTN,11
DABRUY,68
LBIXWQ,92
LAINXI,47
LGMQTO,42
XDUFZW,62
EZWZWP,18
PFDXZT,27
PXFUAX,22
WLZKSK,59
MOWNUQ,10
ZJKNWC,40
ERXGRF,1
WYBHBR,98
XCUGHA,51
YGECFF,68
YXQUHR,34
DSRYCS,24
PUFCES,52
EEAVXW,82
GUMVCE,22
ZYSPIP,73
AUYUJY,32
JAYTYX,60
QJRDUY,10
DVIFVB,59
AYXBLI,100
VXUKPZ,41
QHYRVM,62
IJDMSH,47
LFDLEI,79
VPNVNP,13
YPQGLN,3
CHMFDU,82
WPNDWE,54
FADJTD,64
SBGGCD,93
WCSDEG,61
IPVARV,62
SGCHPX,55
VVUUDP,0
XWAJPX,38
ECKSOY,76
NHMHHC,74
CTYRII,91
NMNIDK,70
YRQDWE,48
OZDNVM,6
BTXUJG,8
FGSDFR,84
PFIMWZ,2
SZWRJC,47
QJYTQG,19
OXVPIE,6
RTDMNJ,47
JPYIEO,32
MMYHEN,9
OZYSHB,17
JZNOTZ,39
LEIUWC,35
XULVZB,97
USSCSI,8
INAPGZ,19
TXDUGE,97
SVNSBT,66
XMRUBY,0
SCWMLL,87
GBWWJC,20
XXMRVB,95
FKDPNK,69
IZFUAV,5
TWJNNS,9
QTMIQH,43
RXMYTY,18
ZWSZBS,25
HVEBFI,37
EGLGZO,9
IWPFDK,70
FJGIUE,48
KVZAAB,1
ACQNCJ,6
BGOTUS,71
VEPFEK,26
DXKORU,19
RWOEJB,84
EARBAF,50
GSEBHU,49
HLOTIG,1
VWMQJK,39
DHCBMJ,79
XZLJDQ,1
TADBKO,35
QYAOVL,86
PEBQHH,34
VHMXOV,56
EALUYI,4
CLFMSX,37
DXDMDK,9
FLAZBR,97
DZHCDO,78
LDXLJY,77
PJYIIF,57
QBMKZC,67
OHYKXK,51
AHQJHK,85
KOFYQN,33
VLPOFH,3
NWGLYV,48
WQYNAZ,61
RZEPON,11
KMCWJJ,51
EURRSJ,34
COVSME,24
EUUVNH,35
KFXCYB,39
EKLHMI,18
MQHOZB,93
RVVJSA,29
OEYPGV,91
ZLHMCA,60
DVLBTF,46
RDQKXY,69
BRUSJA,59
VBOWJK,12
DSVQLE,40
EELLRB,14
ZZJLTJ,31
WLPLQE,86
WNKAMS,1
XDGQEJ,78
JAFMID,34
EVCQJR,52
HIJUWF,2
XXXYQU,97
VCBLXA,10
GGVDKM,44
VELCTF,99
DKBVLT,76
PWEWDS,71
JCIYDW,6
TFGYBZ,56
XIAXBR,32
NXTGMH,55
BSFQCU,98
LRIMAZ,22
KAIOEA,87
EAOXPP,95
QELIQG,87
VPGPKV,45
HAGQJU,36
NFGOKC,41
LXIRJY,77
ZHWIKB,19
MTNAAZ,64
LMMASF,33
FHXMRU,70
COPKRU,13
VNDDPV,56
NTHEYC,40
GCJZRK,90
OIZIAS,22
AMMVKO,84
ZWEXWR,85
FDYECA,97
VXMLGW,92
PRCLGZ,7
GHIVER,9
FLWCOD,16
GTBCGM,30
FBOVMR,88
NHBKAK,12
AXOGUO,87
ACQCGZ,50
KOIBNQ,3
BLOOJK,97
RQFMPP,95
AZPYNG,77
WMGWSV,70
KAZTFL,96
OZOWRG,38
ZDHUBZ,92
ANQJWB,42
MCOXBC,57
JJNGHD,45
ZHUVTX,48
TEZMAO,83
DWYPRG,54
HESEHH,8
NMJABD,91
IDVHVR,33
ZZDETY,92
AQKPUN,74
BULRRQ,29
IZWBMR,93
DZCLMM,28
HSBXOM,75
ENBTXF,18
ZDJIAB,48
ROESFJ,31
XGYEGL,91
GGIDYC,37
ORPMER,31
WVKRJC,55
ESXWPP,94
QWEQNQ,94
ITSKDI,76
WAXMVD,35
DXUYPJ,51
WINVZE,31
CUHVCB,71
PBAWSR,46
DNBXYC,32
ZXROLQ,35
RJRYWP,74
HMCUNG,26
VHIRBE,98
YRRJNB,42
UQXRAR,24
VRZUMC,56
NAPFUN,26
HMPILS,62
REFFIF,90
UHEJIH,85
WLLTVW,35
DEVIKY,79
FZBWFG,79
TLQDEN,12
KUJXSU,89
SJPUNW,65
DIMNOZ,15
QMYVZB,81
VJMJJJ,50
JFBGHH,4
NRRCKH,48
ZKHOQD,69
VRXHLW,16
HEOXPI,18
RMNHGO,42
XCPRQB,27
QOKJOM,82
NKVFDN,9
EKGJKL,69
NWYBFM,79
GAOWWP,28
JNSMWA,74
EARQAZ,24
RMNGLU,23
CYOSEF,96
KKRJDX,39
RSACJM,36
EWLPEW,47
XEJFXH,28
JYZATJ,26
YQLUFP,31
ILZFEB,34
ANWDXG,44
WSHZTY,30
WJVSOL,89
LAIEOV,57
BSWAJM,87
OIMEKN,13
UXPNAL,78
XRAAXU,70
KZCWOD,19
EUIBJB,85
CLATRH,90
BMRFZW,48
XTTSAL,60
UYEUVY,53
PLDCMB,73
FPGDAC,97
AHELJU,28
VQVAXL,69
SDJCQP,80
YEXEVI,81
AAEZQI,24
OEKIXO,4
ZOFOIY,62
JAXLZQ,83
YFHLUZ,88
SBZZVB,42
YEVFGX,27
MKGAVU,90
YORPJP,67
PTMABQ,10
WADKEN,93
JSFFCY,49
TODDWO,56
KFNCBA,77
SZCWYV,87
FNRKSK,17
GGNFXV,11
WVRQSX,77
OPKRAE,97
JJBKYG,78
XTPUJC,58
GCHOFY,35
WSUWUK,62
PNKAHJ,17
XQQSXL,13
STJIZH,80
UPXZRQ,33
DKAPBF,57
HLAYRY,3
WHINGT,19
SVWSNZ,12
KVBCGJ,14
AZSZYU,44
JLBLDM,60
UIRXQE,67
OAUAXU,0
QUSFXN,12
YOFEYR,18
WLMKIK,43
VWCDNJ,4
NFTMUM,52
MEKFLG,87
GIZPGU,44
GZJJPY,92
YFOOOM,14
CLIZSH,9
QURAMY,56
SIUZXF,67
YSOGJF,58
TGTWGT,25
UIFABB,99
MENDXH,68
FJWSQG,62
EPAIXD,80
ABUPRC,25
VVDGVJ,20
XRXGNA,13
DSZCBZ,74
EGRZJX,97
ULIUYU,38
FUFGLG,21
SCYXPJ,37
TWIDGG,76
MWZTUS,77
QRWXGZ,70
PVSKDC,75
SYNXSH,49
KMCVNU,6
GYCURO,89
OTQHFV,29
YHEVHF,7
LSPDOV,57
VJLNVP,17
XYLBDT,52
DQHHLA,61
BMRZGV,90
YLZBBU,90
IMABZZ,34
LNMAIM,6
WIXDHH,88
PHOLNW,73
WNCETI,67
YLMSDX,9
PPYSUF,25
AIOGIG,61
CSPUVX,29
ZJAUEE,70
TTGPLQ,24
MBDMKZ,40
LVRLMH,45
ABSPUD,82
ZOQGGF,25
CHQZNA,94
UWDWQX,8
GRTZGP,56
ORUNHI,55
VPMEZP,86
FOGPLQ,32
ONWERV,10
QYQYKE,80
MRNWWF,99
QCMFIL,54
WQUTVC,20
YZSYJZ,39
HHHFPL,56
ZGZXTU,4
LBHYYN,73
MGESCD,20
BCMLVQ,31
QAUMXA,93
EZEOMN,56
XUXGKG,30
FCBMLJ,88
IYCPHI,56
CQMBXQ,61
IKUQTV,15
DNMFJG,28
IYTZNK,12
UFUQMB,49
VNLPCE,73
NHUZLJ,59
WTNXBG,43
DCEJPE,2
KSGQYD,10
GICTZB,38
CBHTML,23
PYZXWW,13
XXDEEO,44
ZBQNUQ,83
OSPYNS,39
MPVBBR,16
GZWJEB,41
CXCHXJ,21
YWNKIA,32
HJCGHQ,0
VUHDZP,100
AMJAPI,59
JYMDEP,15
PWCMPO,11
RQZKGF,46
IHBPPQ,10
ARYTXW,24
JVPWVV,71
DFEXPL,63
RMMGYE,11
CLKSWB,61
QEPYXH,54
WDTVKB,11
JUUUSB,2
ZFCAVM,92
TFEGWZ,83
CXUILM,84
OEMNPJ,1
LUYIJD,82
GMRXXZ,42
DSAHOC,37
PSAUHE,19
TUHIBW,42
OTUVVX,30
PYZJAP,97
VWMMZN,82
VEWIOB,16
CQNJIN,71
YZKTLQ,54
XYZKAK,91
XITFAK,5
YEDUYP,99
WOHLCE,89
TEVNZP,6
OEPTYN,98
UINKMK,65
DYALRC,46
JHULLJ,52
JJALAY,50
MFIEUR,17
PRSABV,38
MJMOJV,100
PABETX,28
ZAPNTJ,9
QCLHLV,96
TOJFHQ,43
BOEBRQ,24
RXCFZW,76
XALGME,0
KIVNIT,100
BOTACM,53
TIVLKP,50
AHSLSR,49
SCLNXZ,50
SVBTWS,61
ITRSGG,17
PVKAPD,34
OWHLYT,36
VEMJNB,24
XJAAIM,3
QPADTX,31
HLWAUS,25
DZIWAE,92
VLLVCY,82
GCGIHR,40
HIYZJT,70
XAEASQ,50
FIAYFJ,84
GDUWPX,23
GBAXGA,83
RCSCCE,31
EOESCF,78
VEKKSD,73
IZHSOC,37
WDOIAC,86
FGYVEW,36
DMPDNT,74
OXEHMT,52
MQRDVD,16
YJFOTM,4
KWSRIF,83
ZTGMKW,94
RLQLPE,95
KQRUFX,26
RNLCVT,24
QWKIDE,58
XEWDTW,62
AFZRGG,28
PKSWMG,53
HSZLPJ,65
BKSIEL,29
EKJJUS,70
LDVUHS,19
HBBTRL,95
KLPKEF,6
GNXDUV,89
KBNHCO,99
NTFRQF,69
QVTIHD,27
PQLUZW,32
GWBNVC,31
DIOUJL,14
WMHERT,45
LIAQKY,94
VXTBNJ,71
FYDAZW,68
UKAVET,71
OWPTPC,58
VTQLTT,19
FZNNMS,15
CSAPYZ,93
ERGZCW,45
MXVEGN,78
ZMZOPX,99
XZYCRB,8
OUHNJS,71
PGXSJK,28
BHNMTZ,85
RBTZRM,4
NOIGWI,55
PUIYVZ,77
OLUZVO,42
LGPOSW,28
ULOGIU,52
OPVCGY,24
IUBSUZ,31
CAVLEN,81
RLCYME,43
OUJHSR,67
COWZAV,56
JABZGW,78
UOTKVT,83
WLKAXW,93
RJOLTB,49
CAMJJO,0
QDOHQU,77
IVHQFB,24
TVVTEC,3
ZEYVZC,69
XMQPGC,44
GWJPCG,91
FFCIAB,26
QEHFOM,28
OOGVIU,79
ZMCEIB,40
JLXAPL,79
QILBTR,5
DMBQPW,26
TLDDEX,67
WBTWCJ,42
NPHCZC,20
OPYWHQ,6
UEGZVL,38
TGWGAJ,6
WMGECQ,40
ZQWCXM,98
OSGHWW,82
KSERXM,50
DWBAZM,5
IYZECP,68
SAIIBK,61
PYNYLR,29
NFUYYA,46
OSWBWN,11
DRUAED,73
XTJNAX,95
ICSALE,13
DMBEAZ,6
ZHZMKG,5
RQFKYZ,34
DGJBPF,29
IRGIWU,42
IPOCSF,96
OKWKHV,28
GQBQKJ,56
CKDPAF,20
YDCGIH,69
XORNBL,50
MIYXEB,83
YHUBCN,95
ENUQRK,33
HGSKOO,8
YDOLTC,66
VXCTSQ,22
AZLZZQ,13
ZWVZEI,44
BQXXIY,18
PEDWCM,4
AOGKEA,61
HYTGUM,88
QEWGWO,82
JASUTX,80
JEFWAN,85
QOWTXN,91
XWPQJY,38
NQCKDC,43
HLTHJW,29
LSJIJJ,91
AFYURS,35
QNCBHB,30
MTFXNQ,46
SKHONB,46
UNSIGW,26
ITUNVD,8
KFSOKU,94
YIJQDB,61
AZQJEJ,81
ZBAXLF,83
QMHGHL,38
ANNISN,76
LGFNAR,78
HJQVJZ,20
CAUTRI,94
OAEGOE,5
SQTXFN,10
SVNCTN,60
YQRQTR,46
AUOUQD,32
MNRBRD,65
JAKXIC,32
TXUUON,60
VRPAOU,44
GYLXAS,50
RMOPWI,1
SAMZPO,58
RUKYNY,31
RJDIUU,10
FKUERS,64
KGLLHW,34
ARNJAJ,51
QNMEVI,17
EEWIKW,90
SNABBI,94
FZOKOK,40
RDSRZS,0
MVTZYF,87
ROEVKI,43
LVKBEK,76
UZZDPB,68
ECYXWC,40
HWZJQC,37
PWDLNW,0
HPDDUM,89
PBIVIW,16
BRIFCL,16
LGHRAX,8
IMLVBJ,31
VGSLDI,29
OLPFVC,66
VUHUIX,16
BDKBGN,33
LYUIEH,51
SLURXC,69
KFELIE,84
UFTLNN,17
AGENLK,54
VPPCIB,42
EQKAWV,79
TJDOFH,86
IWVZIR,88
HFDUZP,71
PGJXTB,33
JDKULO,93
HYLMCF,22
GIAEDV,11
AVTURM,25
IYFYGK,71
XZFHZR,36
XZAAZY,64
CDATEJ,4
ADKCUK,7
ATTPQB,68
KQRLSL,85
HFWTWE,46
IGBDID,34
RICSFR,71
WTUSOI,43
MIFIYL,91
SBKQRS,48
ZFUTNE,42
CFTOIM,19
AZYSYW,49
WSFDDT,14
TKRHUN,66
LAQXLT,88
WAXAXG,61
GTIPYS,15
HUXPTJ,80
IUQAIL,11
TSCLSD,13
KMSCUJ,13
MHYWEV,54
JFOBSD,21
BZYGXU,65
DVFZMA,100
GPYXSL,84
HOMLEL,34
OYSGKZ,45
OZFAUA,55
CMIXBU,4
COFJEH,100
POUHZU,3
GOFTGJ,47
YCBIBH,89
FXGOYK,19
MNTIZR,35
PYFFWU,61
YLNIOH,2
LKGPNE,37
URVBBI,79
VOLALE,82
KKIQMX,91
GEHTHH,10
JFOWLJ,42
YUEPOF,68
EHBFLY,46
EBBRVR,8
SGLDEO,89
BYPLEK,19
GGMFDA,1
IAAGZB,53
IKCDZF,73
JECHYM,88
ULTJQW,23
VESTFG,26
VAIPMU,82
QIYRHH,14
YYLJLP,78
KJXZRW,58
MXLLUA,95
FRIVNO,1
HQQTGV,89
CNRXAN,89
IFSXVB,45
APWQRW,4
JOGBUT,86
DMSSKQ,61
CHSTOG,68
JOKRTI,45
SCZZZB,47
KSAMVU,20
UAANQT,70
CLWNAF,93
XLDXER,5
MECZSZ,70
TNBBPH,100
XYLDMW,42
SMFMIQ,1
QIQUJC,48
LCPIYQ,57
QVYAHG,45
IFDRLC,47
BNCRHV,76
KALWKS,66
JQCGYJ,36
IMIOSQ,85
OWCWBM,24
CVDVCU,87
GXQMKD,20
CPHWJJ,83
SNIQIS,84
UTZEMT,86
MIZIWA,38
WXAICL,86
GRNMOV,29
AFEAZO,66
HVSUEI,3
IFTRCM,56
OJQBPB,29
CVHHUE,63
MOQUJM,26
HFTLVE,22
GBCKJP,28
BEEJNT,54
QWYPYO,79
WIQSEX,7
THGDVZ,17
FANERU,70
PKFLOM,18
GAQYMK,49
OCGLDZ,89
YEOAKW,84
AEPPKK,98
MYUDNN,0
XVQXAI,39
LCEJWZ,53
RIRIXI,62
WVCFZF,17
EEOWQB,37
NAPHNK,63
VJGKJF,25
NEAOKC,11
VIXSZD,46
OYASSS,20
NEZLXJ,64
ZLONNV,53
ZKZLIW,6
MTRQOV,63
HDZHOR,70
XZNURH,97
PXCSTG,0
GDOIMZ,76
VNQJFD,87
VQEDOA,86
YNXXVC,51
ICOWVR,52
QLBBND,45
IEDGOI,94
GCUSOT,84
DWNUTB,61
OAZJHA,12
KZMUNR,55
ZAGGEX,2
XOFVSU,21
TDXQMG,69
NFYYKC,96
MGHJRE,57
CKROAS,46
OVCEZV,91
TOJSVP,17
SOTHWU,71
OQMYQH,36
RFVDFS,75
YLZWUI,32
YQHPTE,9
CVQNIE,12
GOTEMH,65
JGTSSZ,44
QMTLOR,78
HCKHDU,33
HGULYM,93
UQBERM,30
VALHXV,66
UENZBU,59
XQYTHV,62
ATWSTW,35
NLYQRU,20
JZWFMY,4
CJRBVA,65
BESUXN,52
CXRGXU,53
JZFOBO,18
LSVVIU,0
FDDAEB,62
FNTTTQ,68
ZUWVRM,27
THYHII,76
FUZRPJ,36
YACUEM,3
FHRWLF,37
ZHRUFB,27
QYIRYZ,84
XXMFDM,50
ZYWNFD,58
OMHGAM,51
TOUFTW,70
PLSIOD,28
ATURPM,50
YYHCWK,77
SENCKI,75
KGPBZZ,62
JGTYUD,65
WIYWSZ,15
IPQMZB,47
VQVMPQ,29
ROZGZF,29
ZOVJRW,35
CHIBNP,7
FKOJLG,39
UUSBDI,22
IXRTUU,52
HGQLAG,55
JIHTCN,11
YCCVDY,82
DXADKT,98
PPFLIZ,100
WVUJUP,14
NKANJX,2
OFQNEC,57
UKIQRO,74
VUAVBP,82
SBDGMM,37
YMDYJH,73
XWWQKF,64
XTUARX,45
BBHBKG,87
XZAQGR,82
ENHGSN,37
RRJDUB,21
HUUCCO,53
DKCYJA,12
QCCCAJ,32
ZMKEAM,93
CTPOGE,63
NTMHQJ,60
RGAWKB,34
OIFRCG,23
DOUYKV,39
PCXFCF,67
GITLGD,75
GYZWOS,74
NWVOQI,2
XSNWUE,78
NCASGH,65
CLSGJG,5
HTBGGY,24
HZMOGD,47
TOUIHY,9
XCGEAW,18
YQFSDK,41
LQKEOP,10
TIWRFA,99
ZVMJHP,97
RTISES,96
INXIPP,49
ZNDQWP,65
ZQAWIR,46
GEINMB,70
LAFKOG,12
YLZFCJ,16
DFWEFR,24
YQAHTC,47
MSKRJS,45
ITGNRH,52
RVTKBN,25
ZYKVVU,24
HALSMS,76
PZNPCA,94
AZWFEG,48
WUOTBM,4
MJYOFH,3
QBNPUS,45
KHBGFF,78
ZAELQH,1
FKDDSQ,39
WFGCAP,29
NHYBWC,18
KKTTGS,48
UVPMRI,76
KYWFKG,76
TDWLNR,65
HMJXUP,97
AXWWJL,81
RTDVLD,38
IFXCRS,42
WMJODN,57
UNCTRC,78
WPEMRM,31
QJXPEK,6
OWTHDY,74
SZKZQV,27
RFYQSA,59
MEFGBB,25
KLZMXQ,42
YWYTRM,45
SNEABC,93
VTPBQD,42
PHZRBX,4
NLLXBD,60
QCNFJT,36
ZWHYYH,8
WJPLFR,28
MHJSON,57
CUPDGN,73
DDDCRK,37
TXHODE,99
CALUSH,36
XPVVQN,32
RNJLFH,56
ZUKUYJ,40
ZRUHCY,86
NQAMXW,75
XVBRHB,29
YTEYDS,2
KUAXLA,15
ZUWETW,8
HMDHIC,44
PBXLKZ,98
ISJCFD,23
VPSNIV,61
BKGJOH,17
AKMNRQ,28
ASACWZ,45
UOTSVB,31
BFRITZ,97
TDIJUR,34
KPCLDW,50
ILRPJE,33
QIYOKY,49
VRTTYM,35
DCGOVP,25
JXWIKO,46
FQXSCB,18
DQUQPP,52
CWEMSK,89
QLOYOC,14
FWWJFH,90
EFNTST,0
FRFQNS,28
BDXLNE,22
WDQFKN,72
XTILPP,91
UANHCJ,34
RGUPUP,23
GILFOE,32
RAQNJJ,38
EHQOMF,97
PJOFTS,76
YURHBV,37
NXOQSH,86
KTDDJL,92
ZDUVGH,47
PFJALH,2
WROKDS,21
VOZGYZ,15
QAIBMC,63
SPZBRU,66
PCLPOQ,6
ABWEYV,27
WYTZSS,23
AKFWVT,92
GIVUJH,90
FAMUKC,55
KMJTLS,67
PKSUXP,11
DOSAUV,60
TOFMVJ,18
NNOBUE,33
IXAGXE,67
KOIKQO,50
WCECAQ,80
LHBJEZ,91
ZYRNVD,43
ZJHVOK,6
CPUHYJ,3
XZYIEH,38
KOJFVA,26
PYVZQZ,36
TCMTMO,54
QPSOXV,60
QDFFWL,30
GVKLJQ,86
OEDSST,71
SQMAMV,66
QYCPKX,16
CEPWRG,100
AWYBAF,89
ENTYAO,83
BSZGLM,25
XUQFOI,16
YTOYFM,35
KAAXDG,56
VMLQJQ,11
WWERSW,65
UEAHIA,49
QEQQOC,43
DPNTYB,52
FHUOLM,82
OXISKW,71
IPVUSX,10
QYRCAM,45
NZTTRM,42
LXLTVO,16
DPGLHM,57
QVZAHO,92
UYFPZU,80
WVDQDV,30
YWHIYR,45
CAXGOP,65
EYFQZV,65
UNIEJZ,16
DIHIPK,4
EYFKIQ,37
TPIRBN,20
TZFTDT,71
GKRFCJ,2
AFPLZE,53
BGTJCE,38
QCFQUM,28
LKQIVD,18
WITTPW,19
WFNOVO,29
LOVKQZ,66
SVFRIN,49
YTCUNV,34
QVCBKS,39
UVBVCI,19
IBTTDY,47
NPPCUC,81
XPDNYM,53
NNNLTJ,34
BMTLKC,53
QSCFQY,61
YTVSUH,1
LTRCOI,75
OIVYOJ,4
CSBFOK,93
MBKWLE,54
JHBUHI,91
FWJOFG,5
YOEFOS,71
DFVGMU,96
POLYPW,68
XHXLAV,88
IDALLY,33
RNPTTI,83
XELHWH,99
FTJWMB,35
ATQHGK,67
RYQAPS,32
SPECUI,2
XEXRVT,11
ZWKYAV,68
MYXWPX,31
XFJUZC,58
YTQQWG,86
JUEHDZ,97
PTFRQY,61
QYSHTS,78
OTBKUM,4
JFETQN,91
BLDEQK,3
OTTUTY,41
KCXUDY,43
MTVORN,79
BKCBYA,7
QVBLPF,50
OVODDP,95
YEALNU,6
VCNNZE,28
IJYRNR,5
EMCWUI,96
FADQQR,30
BUCVAP,13
KUBYEV,43
GKBYKO,75
WHMDKM,29
DPWKBE,61
PVRPGU,87
HGAOOQ,86
GOVUPF,16
TKHYMX,72
XXPCNG,72
BUYYWQ,90
AMJZPE,73
JENXFG,70
WXCNCO,15
SAWFVD,20
EQEEEB,28
GQLVLD,60
SDQVEN,58
PLNAPM,86
DLTWYW,5
DYKTZJ,9
YQSREI,64
YCUKVX,2
NDDXET,74
ANIXZQ,41
MCDOCM,71
WKOJHP,83
AHUNTG,92
ROMFZY,20
YTPETL,93
CGHXYB,76
CNVNTV,54
AXJTPQ,76
YHFSMM,94
WTEYRB,5
PWGWBR,49
LVNLRR,59
QNACYS,57
YQDHYW,77
PQGXEE,75
DJECAF,2
OCUADV,25
IQQVNN,87
XVWHPE,52
IHHYWB,47
QKKJWW,24
VJPGDN,51
CODZED,89
QWCYAE,7
BZZMMH,3
LLEQZL,38
KBFGAL,72
GHTPFK,9
SFDBKK,65
GFETUP,79
JMFAYE,39
XVUKEH,43
NZAWRK,91
GVQQNN,18
DEGELX,20
TWPKNH,85
RALRFP,8
VIKKAQ,50
UIWUGM,0
UUVESQ,30
LCAUUL,35
DLKWZL,47
NYAOOM,2
HXJSIO,83
LAAYMP,77
JAKNVT,84
AYHVMU,97
EKIDMT,56
CLMWEI,58
HJHHRJ,12
FWEEQX,76
QNKCYW,15
UXSXKN,87
ZJQUGV,65
CXOCKE,54
OXLNXP,2
ZKIOZO,14
NZBCFO,84
CBQNCR,7
JODHIH,26
LXZZBK,75
CHOIPJ,11
VTXAFD,64
ZETADF,16
HQBOFZ,6
PEDRLE,8
FMKHQJ,17
YFHQXY,29
OEFMNX,89
YXJLQV,35
DMFQZE,17
DUMUND,84
XXGGKM,47
CPVSBX,96
QNMYHL,52
GNGJVX,24
EPAAOO,78
DRXZFG,65
YACQWQ,54
BNWXIU,91
SBIUFJ,75
BVRZWW,5
MQQOQE,87
ZNVFIO,71
QYNCBO,91
WYSOER,50
CLFLER,43
PFVNJO,87
EFQOGG,1
MBMICX,35
OTCZRM,30
WCRFHD,39
FEGDUI,100
WLOHMI,97
TZHQAE,36
NZMNQR,47
XRNJNX,43
DTUROW,13
CIHSZQ,66
WOXTZN,72
LBWIFI,52
DHEUXY,47
YLNGIM,99
CPZQBP,29
KKSTKV,63
LGDVXX,24
UFXMQK,94
SSRBSB,72
RANKTV,93
OZTJTW,51
AUSUZL,95
ZQLZGC,76
WDPXQP,19
WIUNQU,75
JYIIBA,7
TOULYP,62
SHYQTM,99
TNUNSV,11
VTMYLW,79
RHDFZW,55
OGAMTW,67
LJKMWO,98
TAURVQ,27
ORTFTS,97
EILBDN,65
JFACDJ,68
KPDFYP,55
UEPBCR,64
WRBOWN,95
GFUQOR,63
FHTZEX,83
IRHSLO,78
ZPWLDR,54
ASHLZE,64
WDSCMW,56
MXNGTB,34
MAQHCJ,63
RVNAFU,0
INFDZD,88
CFALVJ,54
FFUIWK,31
XWBKBP,17
CIMNSB,50
DQVXXQ,59
QLAGLS,93
GZEDAQ,24
UCDEUR,100
RIPIQC,69
UXQRKU,12
MNEHJQ,59
APKIAY,30
BMWGMC,43
JBBMSX,99
MNQGWF,85
TWLPAJ,79
XCKHYB,69
BVFJFI,2
JSCSMA,29
SMIUSC,25
TJITAD,32
GDTBJG,61
KOQKNO,81
IPPQTF,61
ARQZIS,27
LIJBJW,76
JZQQNY,77
FSVJTM,49
QQSLQD,28
GOGHHG,30
IFDXZM,87
FOQFCD,39
KTZLAD,31
XDYMRF,53
MSEQUV,9
WAREKN,39
LTCSSR,31
XYTGHY,21
FBNASO,75
JJRQCE,50
ZTLBOW,19
RQZKIR,86
GOOVLB,38
NGALXP,83
CBBFSG,27
IHNOVN,30
LJEBUA,28
GOYMDB,74
FZUFJZ,52
CXNEWM,27
XKLAUV,45
BFDRRY,56
XGSLMR,43
BYLMQF,9
UQTVSP,14
RPPOKT,6
HELCZQ,7
UCFZHK,12
ITMSFB,42
OROSJV,33
ACCBNZ,23
STGAPX,40
BEJJFP,21
IAWMNG,24
FHFYHR,2
TWSHKL,47
ANGIZZ,44
TFWXLO,46
GBUXCJ,66
MVUWJB,79
OQSSRC,81
CTGVMQ,68
EANYBM,34
TLTKYW,25
PXLYDC,6
VLZPAW,99
VJPOYZ,79
OUOGCF,14
XPZGQZ,84
JJUSXD,40
EYPYSK,99
LNEFNY,9
KFLIRW,93
VTJTQW,84
JJMTCU,13
PCIGKC,64
OLJHKP,75
QQHYBS,58
ZTPJQW,34
YVUHSR,74
RSSDGL,96
KYNLYJ,0
WSVMDF,21
DVKVFF,66
IISUGP,87
VPDMLB,9
QRGZQV,81
LSDYNH,89
LSDRVK,77
ONTJUD,20
VWOFAB,100
CARHUN,80
JABNBO,91
KSVPIF,40
NCVKNG,90
HJZEXN,14
JEGVFO,56
AFJVCP,55
KXVCVF,99
FPVGWP,90
RPQFRT,82
URRWBO,20
TUVWVX,5
REENUP,1
KYQXWV,82
NFAUCB,86
CSDBHD,23
WXVXIP,51
USBHWC,20
UTOBZG,3
YDGNUV,19
QMKXCN,33
LFGETQ,57
LRELZH,72
BZFKDL,40
CYRXAM,100
OFJENG,81
YWQBCV,3
YEZIYU,26
TVAADM,88
PCVJLZ,5
FTRYPL,51
LEMHEX,81
WEUTRF,74
UIXHBT,82
LGWRUK,31
XOZNPQ,38
IRWKTX,48
VJOEEU,73
XESYNJ,2
ZSOYWP,10
NEVWPY,41
UKXOMS,27
JCUCZP,77
OJJPVD,4
XCGGSB,66
VQXZOE,100
NFHKDG,6
AVPPRT,58
PPIMRO,42
NFXFLJ,91
NJVRZP,42
WKEWTP,44
XBAYDW,20
YMMLOH,53
EPJQYK,66
PBJHCU,80
GMZRLM,11
KSNBZP,31
NTYSWX,4
AWWMUT,18
RUJTBW,46
GVZJSF,24
XJYBHK,45
ACSBIQ,31
SPCNYT,22
HUWYWV,72
EUDZQY,71
DERNDP,44
XOKXHG,71
WSULQL,54
TLAUVF,60
CXKUAN,13
HAVIVV,38
KRAVUD,97
TWZHLB,94
XOCOCJ,33
YNVMHZ,35
UFEBPU,17
SBTUMB,73
HHGKKV,89
LDGVDV,13
BFVURO,25
GNUBWY,9
PMNAUV,3
WJEFSZ,86
EHHHSQ,9
RYKPBT,65
PIYVWE,53
SUOKEZ,30
NLREAW,76
MBSQAF,88
WUPBAZ,56
WZCHGN,51
ULNMOH,80
EVVQQM,41
QTKJIV,66
BLJKGT,82
WZNRJB,78
OUBRUT,40
TMKNDD,67
KNVFSY,10
NIKXPF,100
JVVLIM,52
NICGNX,7
ANVSNA,10
BDIOMX,53
UYQOLJ,80
APGRLW,89
MWVJYI,91
TQTGZS,48
OZGKOD,37
BTWUKP,44
ECXTQK,41
IUZJDR,84
VPRUWX,30
OKBRIF,10
XULRCO,17
LMJCYM,74
XIBAZK,77
LQHJAT,92
CDNGLF,83
PZDIJC,93
QHIBVE,45
EYABVL,46
HHQVLK,20
KKTUNI,10
VAIUDT,50
PHDSBL,7
SPRXOM,3
WFQSXG,98
NRTZNX,45
VXTGQU,35
CGSJKP,0
HNFJBQ,92
TJCZOW,8
XEOOXW,83
EKGVWA,41
XOZCFE,71
PRIPME,8
HNDKLH,82
VBZNPD,100
TUXOYY,13
SFUEWP,61
EUNTLW,78
WEKDHC,31
KXKOQI,14
RZEZET,26
DYGGWA,89
HMLGVQ,77
WQFNVM,91
YKTYHA,9
SMFJHT,27
NKHKSB,76
UMKJPW,82
DTDTQP,10
DZJVCZ,40
VTIDLX,3
TPHCAT,47
FTIFLM,36
WTDPNP,52
PQQFON,20
UNVLQU,30
GZIOWQ,19
XYMKIT,31
RGTIOM,52
NMLBIW,56
UCSCLA,66
HMFBNV,54
MCQLHF,52
HAQFKZ,26
BFPHQY,23
YHGQOA,93
FTRSRY,94
CIXIYD,71
KHSHRH,91
QOEDXT,43
SVKQXM,17
KPLLRK,41
GWYMYN,83
NPMVRH,71
PKBFAW,4
QRKYNP,0
UGQFQC,56
JKMKTJ,59
WCWMVU,71
ECTUUD,90
UGFZFD,19
AZVWUJ,71
EHVZOL,54
LWPTVS,49
UDSSUX,66
VCYPLG,20
EWBXRU,38
WQJAKM,28
FZERIA,100
LJOGJP,31
TUYCZN,75
EDPRXJ,23
TFBBVB,17
PQKFPV,28
RKIVLQ,4
AZBEGT,27
YOLNMT,50
DLCHUJ,8
PNEBHV,50
CFKFAI,18
CIHNPL,53
HPYDEH,30
OOLXNV,76
DDMDQI,95
PRXXHK,18
UDIMOT,1
CGQHNT,37
SQHNFK,63
WMEHEA,27
PUFEQA,44
NSSQBX,50
UDCBQA,44
DCKRZL,94
QKHZRO,44
UCYHKD,25
PPUMDK,50
PZVSSM,51
MSXBIG,81
ECMWNF,38
HCUZIX,28
ULSCFC,17
KKHPMU,45
AORGLA,26
LXVLKJ,31
IASQRM,92
EJBKDX,44
FBICVY,98
YMXGSR,67
IJTFZR,44
DBKGSX,58
HEWDQT,44
PRFHBB,8
LPKPVP,94
CRKGLL,39
HPADTK,24
AOBAQU,57
EKYMPU,5
DXLYJC,100
AGXJVQ,97
CPIQKJ,4
CXYMDD,4
MOIONL,66
BJKVXO,73
IURHSL,37
WFBDJP,62
UCUHQR,31
JZGXKY,41
LRTEBE,97
DWRGGD,83
ICLLTO,2
JLXNTK,80
UFLPJR,5
OEMOXI,65
OIMAUK,40
IVATVS,14
MPIJSK,57
KJENCX,59
NNJTNN,84
NYSDPN,49
LOWUZM,57
YVQSCB,49
IIYRRS,67
LQZMAO,84
RNJDZU,96
OFILMU,63
HFQZEL,7
QDXZGH,9
ZDKOMB,5
QTZTLN,90
EJFKCC,89
VFGXGQ,50
NPROTU,23
NAOPNA,6
HKIFPU,36
PTCSTO,43
DYBMDK,100
WFFXON,88
TQELGC,37
OEAERL,64
FKTFLV,75
YYTPQK,30
RNBZXT,12
ZHUOQO,30
TPCDKK,58
FLNJHJ,92
RINPZS,80
QOFLVT,48
KZYFJL,2
GTODLY,69
UHNBCH,28
GWRNCR,33
WQGOCM,60
VGRVQB,70
WFYCHD,45
RNLMBV,14
YWEYIU,17
PLYCLV,42
BWRPRZ,74
FHZFWI,11
WKCWET,87
HCPFHT,97
XMFISX,28
SBGAAL,72
STYBSL,74
NRSFTM,26
KPWXKJ,74
KLUZWI,67
WODPFP,79
QCURNK,48
BVHKMG,72
HEPYPG,82
ODYOUI,56
PARSTP,45
TTBLMZ,57
WFOIVD,35
NEUEZH,25
OJGTDQ,68
WFROSB,59
RWSONJ,28
QYOJMQ,39
FYTRIF,50
ZBQUBP,96
TWRFIR,93
TMZLQX,73
GVVFDU,86
PPMKDN,47
NXGAIH,43
IIRFRA,18
HWPPAN,97
WMDQHD,54
BDJDZO,73
PNSPXO,50
LXPMEO,57
GURKJP,97
JFVIEC,64
UKOMUG,77
RUIQCS,100
SGIFXJ,45
TDIHPC,48
BPFUJQ,0
AHXBDJ,5
EQHJOS,72
OWGNRK,84
UPBWKH,39
VGWZJH,45
UMPXFQ,40
HMZJRG,81
DHXQJD,37
JOCBRS,52
ZHJAFD,41
WPSJMR,74
YHSMXP,40
TERCYL,87
FQHKJJ,67
ICVUCF,18
XEHFUN,88
RZEOBT,31
JPPIRH,68
FZYIQP,85
CGFTJH,0
NOLRWK,7
VEBADG,44
AGOTPZ,65
ILEKIQ,91
TRVFDP,36
VNXPEI,66
OOJJUN,9
EZRRFK,3
IFWWQG,78
VAKGPK,90
FWBMIH,78
GYTZTI,69
BINXWS,54
BOVSLM,92
YNNEVV,65
RLSICQ,6
UJAFRX,2
TEPQBH,74
YRZOFC,99
WOLTFG,6
ZLPXGS,28
BCMPHO,76
EHUUSQ,91
UDOEFM,72
WGTDMC,56
RBOEHU,48
JZABVX,99
ZXGSGW,92
JHNQLC,26
HJDIOW,0
VGPWFD,86
HBBTNB,92
EYWXND,90
CCJKIR,56
KJPLFE,96
VCYTHR,65
WSXSUM,64
KDVKCZ,43
COPGHB,3
STSMVM,65
IIZGKZ,51
ARYMGR,66
EGWCAP,81
KDKRTF,55
IZXIMO,42
RDFFLQ,65
IEFNKS,60
IMKJVQ,44
KYXJBT,28
VRMUFW,84
NYTFKH,48
EWVKBH,55
YAILVW,74
JWLZWV,19
ALLMNN,4
WWNQDU,56
HBZNGJ,76
SKSSUG,80
IUEYIY,29
NNPQXZ,22
OCSZNZ,82
PPURIT,11
KTTPMD,73
ZLEZRJ,93
VVFWFE,59
DLVYGI,76
DJSJUM,38
UNWAMD,89
WLEGKJ,95
YMRUDG,8
RACQZT,26
HZIXCL,80
QCECQE,19
LEFOPJ,9
KKPEAW,6
TURGUZ,60
JRFZAT,66
LWYOSS,51
XCCMAB,43
QAYKMW,73
GARONX,89
LUOTFO,29
EBVTUM,24
MLBGXB,71
NRTFTQ,55
JAVURT,77
RNADBK,64
XCQKPF,21
AKUFHF,24
GHKJJU,84
VXAJEM,97
YSTBXH,56
LIDVVL,14
HMCHBH,23
RXQKSW,59
GVZFZX,91
PSPCBU,80
WLFESM,39
TIMESH,62
LRURID,2
FRHLEF,29
UTEEQR,100
SDXVOK,9
KDBHDN,73
XALHNL,66
ZEXZGO,0
PKUWQC,20
CEMWOQ,61
UTTDLX,11
VACXEO,71
XKIIJA,80
RDMRXQ,53
NKPHLW,55
PKIWSC,30
VNVEOZ,33
VNPUJW,83
OPCELS,95
LHRFIV,70
PDOGFG,64
OFLXML,24
FYPQBH,15
AEIRDA,26
IKTEYL,52
WLYHVJ,13
NAKLNC,12
GZHCYL,38
XERFAX,83
WHIDPK,10
PMXWPD,27
STVBAO,49
VLCAPI,7
FTSILD,43
OBLEPA,90
TGQIIS,64
JEPMBR,59
XDRMRR,20
JMZXPT,83
ZXLSNL,59
FGDXKM,94
UKTAZJ,91
GBDVQP,20
BMJBWC,18
JQYXFC,55
DURTOI,99
LKBJRO,2
YLBSNL,87
EOHQMD,52
FFBFTR,93
XDYISN,6
YUMLYI,63
IDKYPP,59
ELQELD,68
XGIRZH,58
GIZAYV,26
BPSXOJ,3
VNGPSG,94
UUXRZT,99
ZOTOHY,79
FXAULX,43
ZRMUYT,70
SXPRUA,67
PIYFIJ,40
YPDTZQ,48
IUKLLV,43
PTFNNL,73
GRDWWT,46
QRUKSH,31
TBOVRD,81
EESHEC,98
LXJUDA,82
LKCOZU,39
VRKHUA,14
IYVXYA,19
CJNHVY,66
DFJTIT,25
HUMAYQ,9
AIHKTQ,83
MKTPMY,49
QYBSNG,68
AGHFWZ,18
QVLCYZ,70
ZOLCIX,75
UTZNYH,69
OSEVCA,89
DCDNAF,35
WKHBCM,46
UGXPRV,83
APNEOC,14
PWEEYQ,29
SHNRRV,66
AKIDLH,36
CPOOSD,83
XWOCFV,27
LLHCQI,88
WOJMHL,33
BNBULD,94
IQSOUR,53
RKMHRA,77
OJWDAO,26
XWBUAZ,49
FJLVNA,89
JRPQNC,85
ZMUGEZ,72
QDOKUQ,62
PFAPDK,76
CXAONZ,68
HFRGXR,53
IQCAWO,2
KEESIG,31
UJQUQJ,75
PHZALR,74
ATXSDQ,26
SPZEFW,31
QAVEFQ,55
ZYTQNK,58
NRGZNR,52
VZEZYJ,64
GCQLVW,52
TLRECU,36
FERIOE,36
MOSSLN,6
FWCLAA,72
GRHOSO,16
RHFIFT,0
ZYCPAP,48
RFWITH,1
JQPSKQ,18
FSNKUI,14
YZPACS,43
VSLFHR,42
ROWJZW,97
YPJLKI,4
LSVTMY,2
FMAOFY,87
YTZZXL,98
ZUDUMO,1
HFMDYN,49
HEJVZC,48
FIOBHL,42
WTGKPW,44
SLPISS,32
ZRWPSK,59
LUOCYE,45
XHBGEP,58
QKFUAS,26
YOXTGZ,76
FQGSEF,76
NKVXRT,73
XJTPIL,30
PTPXCB,50
FMZOLZ,29
SFTNRN,0
YLYZFL,80
GJCVDU,58
BSTZQI,11
CDOSPU,62
JRRBQV,79
MAIDXA,48
KRSWCY,2
NNGKOG,100
MNZJZZ,19
VBEUWE,9
YZMMQU,30
CORTYZ,55
RPOMEC,51
ISDSTI,38
JUPPQS,96
SZQSDW,61
XTCYOA,58
TGZHIA,91
MBSTCO,42
JUBLPM,11
UIGESS,62
UIDLRJ,12
AFZEMA,82
JZUBEZ,84
VVONQU,41
ARIOKO,16
EOQCZY,83
TJAQTB,70
WZALEK,83
ABAXMN,33
VNZNZN,29
UQBSZY,21
QCLVJO,18
KZDOPQ,63
XSUKIC,68
MRVILL,84
EUJYJE,24
LROYTM,89
DBEHNL,13
FXHOHI,92
PJGICI,4
JYYZFX,68
SGZCDL,53
TCDTJV,55
IRDUQD,87
NMKAUJ,6
VSENCT,17
NFWKDH,22
MTLHZU,46
VQWWHE,70
NLPPOP,24
SWWSET,7
HSITQA,80
MEGCDH,39
UHPYPG,0
WIWVON,67
HNSHYL,66
KKEARP,70
UBMMVM,83
WXPBYI,48
ZGTFGF,21
NAPWVG,65
GMMJWB,46
ZTICEF,46
POBMBV,70
RMBQPE,86
YQMHIG,53
CYEYVW,76
CEJCSC,37
XFLGGN,13
WSOUMF,6
KPSNZE,87
PAVIBU,59
BCVRHH,89
FPJDBX,16
JJLPJF,50
PXOVQA,36
EZFRRZ,71
NNPVTA,21
JVLTDU,40
ZNZCPI,89
MHVUIF,29
ZXRREG,20
IJKOVF,94
TNVENR,45
VCRIXM,31
LPWUCE,64
VKJURU,29
HEZJFJ,94
AVHLXT,36
CLGKEZ,20
IUJIRD,73
EGVKFB,75
TJFMJP,76
CXGSJN,57
XGLOIY,25
GYSCOI,96
OYDUWP,59
WIKVGW,85
VVRLIK,92
MSHPDJ,94
RTLXVO,11
NKZDYX,25
YDBANJ,9
FYMMNH,25
SCLLZX,45
YATRFD,94
DSGGJZ,34
ZUUTQC,85
EFSRBB,11
UACCEJ,35
KXLDEG,12
UGSULG,53
UOAPXM,73
ZACUVD,17
WRICTF,8
BMCUKT,73
TNDUWX,24
KNNQRQ,23
OFPMVA,67
PAIEKO,14
XHRVUF,82
FHCXWC,15
NBJGBS,24
RWBKKM,36
EIUIKM,56
GNIYZX,91
REEWBL,30
JIFHVG,97
OLYBFX,68
LDJREE,17
GFTPFF,21
IJEGYX,5
YLODDA,24
LPLWKI,78
CUVJQI,86
AEFECF,62
PYCPCE,71
ECXPHM,81
MFTRJY,19
AWCRAO,25
GLEDAW,38
FSEVMC,12
APZYIM,15
MYYHAP,57
IGSTDJ,38
UNGKSB,28
XLRLNP,40
SSDKBB,23
IQRROW,14
KCILKC,3
WQGKVO,64
UDWTSF,62
JTAKYQ,83
DUVZWV,42
ZMUZST,53
AXSMMR,64
AQZFXN,62
WPJQRR,76
UGWBAF,2
XBUDAG,83
JRRGXA,85
XVVXXV,5
XYZTGS,77
RQGODT,98
FCEBOQ,94
BKDHWT,71
WODPNQ,32
QPFBJU,34
IZZNYW,95
QAKZDY,33
BHJEZQ,32
RJXQTO,16
DOBIKV,84
VSMUMP,66
VOOSBK,84
YCJQPA,15
YYKOZR,54
FGNTTX,31
IISFPK,44
NNBXJB,83
YLQNUQ,50
SFZPTM,91
LUBPIA,19
EJXYAA,100
GPOTQF,8
IJZGSQ,13
LADVHO,71
WOKKIV,16
MCBOWG,45
CKFYPM,81
XXZOCD,92
WAFRVE,2
IODTKW,87
TGLWSM,99
XRYQVR,70
VPSDMH,77
MSYLCO,71
LMYMWS,13
IFMERW,74
PALRMJ,47
LYBUPM,25
EHKPKG,98
DZODJU,78
CRHLDQ,90
ZMRKLI,55
DTUQDP,30
UVXDNI,51
QTLFBU,21
DKBZWY,0
LPGBZT,85
SXIWPQ,17
FWWAUO,53
EODDRU,69
GXEDBQ,61
XRSIFG,94
LOHALK,43
LBFCGE,86
MCNLME,44
ISMNYI,53
COYXYG,99
ECRAHI,18
PDLVED,3
MBVUOC,4
OUEHQA,25
REUZNB,35
BTSICV,73
WDNPIW,50
AMRQYX,85
TYOGPK,9
AASLZO,9
TNIYUO,60
OGJAPX,53
AQOFEJ,58
QQYDEK,69
HQBDGB,87
JVVNWO,34
TESFEX,1
NUSESC,45
UXSAAZ,66
RUASVD,34
QANSFH,39
WGHXXH,18
SGNDJS,58
JQDQDD,89
QVPZLF,35
GRYBUM,10
EEFVDV,3
HENYZL,42
XPIOYY,29
FQAEAR,1
BBJMXZ,88
IMIXLW,3
IHBZRI,85
UXLNAW,23
EVHWDB,22
KWSDEC,5
NBYFCP,9
CEMAXN,67
XWTIDB,93
NTVQQN,48
BSUSYI,51
BGCNDD,84
GYSUVK,41
LGTHQC,82
NEYSZC,0
UPKADF,37
RVSGPE,100
LKEBDI,39
XLGOVD,98
SDDEGR,5
ZDYLMW,57
IQGRTX,61
GBTURK,72
TBGVQX,20
TKVOOB,0
TPFVFF,58
YUDFCG,70
ZRIYDO,77
FIHFBF,20
IHXDCJ,19
MIOSPK,10
EVMOXF,78
RSWXCL,72
VJCCET,90
KQWTEX,24
YLLTLK,21
RFOXJF,52
POPDDX,52
VPVSLJ,2
LGSGHI,95
CUJBCH,67
KPWJEJ,9
MFJONZ,100
MVHVVX,44
SVGEJB,98
ACYCPW,26
YYRLAJ,3
AFSRJE,37
HAMXIV,38
OJQABB,41
PAQMXW,18
TMLSGU,13
TPQNWL,68
SUBDHE,19
PNNKJE,44
HRCVAV,100
EJJZJL,3
LLIXJH,97
GYELCR,12
TORYAC,55
TBTAOS,18
AEWHMT,93
JTCEBW,91
RTHSMZ,79
XKMXTF,38
TSBFSZ,62
XCMNJM,86
FYATTC,50
IBSHAU,75
JRWKAN,10
RLZOVB,97
ANWHLP,5
PGKMRO,100
JQQARV,90
HYLDUP,85
UZKTAI,46
QYWGRY,64
MIGBNG,22
CAPAAO,55
VGJKXB,36
RKGRNJ,39
WRGWEY,42
UOVEID,70
ABIVZZ,55
XSMBJC,28
MLTTIV,56
LVRBTD,100
UZLCNY,97
LFMHOB,62
KFCYRV,98
MTXWCW,44
HHKJVN,89
LSLBJW,77
GEHRVI,58
WDIOWN,31
GNREGT,40
NAQIPF,33
VCORPU,37
DZKZEW,3
JHWEAZ,43
AIYYKP,2
UFNUPR,95
FCHPLK,86
XOGQWF,23
UDKQHR,57
IYCEGP,2
WIMVTX,19
BEGNJV,66
YYBZNG,47
ZLTZMS,65
KXWQIN,96
MDDWTC,100
YGSTYX,22
BJKDTR,12
IZOSUT,51
JJMZBV,12
CAFQGB,4
WKRAJS,97
FBNYIH,36
CWLTUO,59
TCHYUV,87
JXGWFC,41
JAQNXV,41
LRHVFN,32
BBMXVH,62
MLXRPY,45
FMNSZF,22
OZBVRH,16
JPZKJW,37
ACOJDG,94
AMBCGY,42
ISEKYO,28
UMBWPO,38
HFSWMB,60
XIMOED,66
XUDULI,36
DHBRKK,77
RTQWAM,43
UOFPJL,10
MDHGPY,74
JUGLCY,39
TZTNVQ,70
BKHXGV,39
YFCDEX,3
KRBDSW,7
GPASEP,15
VZCBRQ,42
EJRMCF,1
LXIUQL,47
JPREPQ,9
WGEJSY,0
ABLUYG,47
UEHFNZ,32
FPIVXY,36
DQIGJM,16
BBTJBB,85
HYJKHL,10
KXPEJM,77
BPFRBV,41
HVNYFD,2
URHDSH,96
DNNKBY,70
CBQHFZ,9
TBHTKY,83
VKGAVU,93
OXJSNV,34
RSSUSV,76
BDDGHB,20
HACCRW,84
HMZLEW,28
BQOHXJ,10
EPICNW,55
VCTNRO,72
WNHCHX,4
OCJPPC,93
DSFUME,20
LVYEGI,41
FREVSN,87
CCDDTY,19
PBDTCI,38
HOUVTT,60
QJEXKF,34
FNZPBQ,38
RFRERV,1
DOMLOI,6
SHIZDM,54
CZQBQR,55
SRQNXO,13
UEXUBK,55
NHSEJS,4
NNLYUF,100
WVSXLH,67
ECKGBX,45
MWBVGS,16
MEBJCH,97
MBUALK,33
UGFDUO,82
ILNIWH,0
CIANWK,30
LEVAGC,4
EYUQNE,4
QHJDFO,56
MNFTTE,51
BPVTWL,71
HSTVLA,25
DXGYAX,35
LMOBGZ,50
BXEIXM,26
AMKFAM,23
YMQWBH,40
LJMJQI,55
DMMMXF,82
MRQIDA,77
NBTVMC,64
DVOFDV,35
FCYNMU,49
KWRGEO,0
SQKHRK,33
OUKORY,12
ACOZQA,13
TTOHMW,51
CBLWQO,12
GDJJGC,47
THTBTZ,15
BFAGHC,18
GOVEZJ,12
DYASAE,78
HWOEPB,21
LVKCHQ,28
ATCCBE,99
RNZPOJ,50
HYQMQT,14
CAWTQW,95
LIDRLR,92
ZBXZYY,42
QVNDSY,24
HQMEPG,50
XLUTBK,0
YBMNKG,66
TGOIAE,1
KFKGOM,34
WKEXVW,2
PNJEYZ,3
LLBCPB,75
DRBGTC,45
PAZRGL,81
IOVDZH,87
KBHBOB,39
ZQEJOU,79
MNZAMT,87
GGVZOS,47
HTCDVK,15
UCEOGK,84
XIZUPA,20
ABJUZV,8
ICUKJB,27
KYABCJ,51
TULHIT,58
YLZGLG,54
NJRGBV,52
WJKKHU,3
FXOOWV,52
OQAUHD,37
EFLMRR,74
MVDUQY,8
QIBUSU,92
BRHEHN,3
OYYKHI,31
LXFOGA,53
GDXMCV,77
FXQAXM,81
PLDDZH,83
BLLRBT,82
WZPCBW,78
EWPKRQ,50
YDZWSP,66
OJSBYF,56
FWKKOO,50
WJFZZY,94
HZLHYN,3
IURKPS,81
IIMJSH,78
GJELXV,70
WQLCFO,93
CKYLWG,21
CHHLSZ,86
NPYBCT,58
UROAWK,21
VMNHHO,85
GEUQYJ,8
DWBODF,33
TGGDJB,33
IDOIHP,30
AYBJZL,99
GBHAEQ,23
LRETNT,31
TJRRXO,11
BJLRCO,73
OBPRNZ,20
SPFSWP,44
BPVXXW,10
DOEPEV,38
ZZTIEB,95
AGSUCH,36
FEURYY,67
GXMARA,17
MCPPYV,73
PNWXTT,87
IGGQOT,73
NMZADR,31
YWGAQG,16
INQNJI,74
XRVAXQ,72
MLXVAF,74
WAHBNJ,98
KQQOEQ,26
DTUHBY,96
HVMMEX,23
CTWKHE,64
JVEFJE,47
OCRJGE,13
DQCUCZ,40
IEKPYN,4
IXFSNW,65
SFTWKU,11
IPBVBY,98
TJGTCO,27
URQAZS,58
GFAIQG,39
NXKEKN,50
WVSCYQ,59
VNHMGY,85
SOSWKT,72
CUNLXJ,23
HVSLPU,2
FKGDMG,6
MOIBMM,25
KQRJVF,9
PUFEPG,60
XCAACY,56
ZWRQOI,34
OHDFWI,86
VVOXSJ,5
PCJANS,33
LRYEEB,70
GCOWGF,37
TZSIGY,19
OEKWHN,12
MHACED,94
CAGJVS,77
YJJZYU,41
IWKJSR,82
VTCEJT,57
KDOLNJ,42
ROPTKB,9
DIPRMG,31
MBWDNG,47
WTVNNC,18
ZLPAJL,1
FRQNLZ,19
LFAATU,16
IYHHUA,76
GCRHHU,53
TFXTPZ,46
MCYTRM,2
YNPKSX,74
GWGKDV,11
DHBUGW,93
FRBWFA,93
LVVKVU,95
CUIJCI,8
ZYNQQS,41
VAALRX,47
GAXKUA,95
SBFTBJ,66
MORILP,52
MYXLNG,17
LOCBYL,70
KXLYBR,56
LBWCUI,58
CECEQP,55
HXPAMS,60
SEZTTH,7
HDMPLS,44
IZMQXH,29
FGSBLQ,60
SZPHWD,51
LLSFYD,3
YIWSDK,35
XLDYEY,97
KWWYET,11
NHRUSG,56
PWOGVM,51
VIZYLQ,65
DMQHCP,34
UFTPYB,80
JBLCBE,36
FYTEXU,43
UEWZCM,30
CUWXSN,50
NUYWZZ,53
ASOYGT,87
ZAEQIA,64
FNCUOJ,56
KWXPSJ,25
PLCRHN,73
LMSYRD,73
GGXFHE,70
YPEDTH,7
IDCNHQ,95
ZRGKYV,54
SLKDYX,14
RVYTJA,7
ZFLUXF,2
BVPPVU,44
KMNKNC,14
CWASPX,6
WCLKWG,95
YHSSHJ,69
WGKYRG,19
RVXRZJ,59
DYHOAL,1
LDQEYA,63
PXDUUF,96
VCXOLU,71
MUCHIR,64
MGAEFU,19
SUJQZO,79
KWOYNK,8
HPEVNS,56
AHKBHL,77
UPVXOL,42
NRJOYU,13
TAYQLW,34
QGHAQP,55
NEFAZX,95
UUKAHR,39
FQILYQ,71
GKCGHN,35
WQEPDC,30
IKAFWF,85
RHGWPY,54
DFPRVP,80
GRAONJ,67
IOPXAG,21
BCQFYS,36
RWWOAZ,35
IJVZBQ,58
AFYCGY,5
WETYLC,58
LBQDEO,14
KDCJHU,50
DAOALE,62
VKMSXJ,94
XJAMNH,80
MKXATA,87
MWSIVD,23
FAXICJ,78
YQYWHA,19
IOCQSV,7
YDSPXR,93
MADZTW,50
FYLMEK,81
JYKFJZ,98
UXVNTX,60
TVKERQ,34
XCHUAC,5
UMTHWA,31
HCZVWO,37
FBDISH,96
NJNGKB,63
KWBVFN,37
SEDADK,8
JCGKWD,90
KPJJZT,4
PAGYFJ,51
OVGHUG,56
BGTOJN,88
QDFSQG,95
OXTKQS,11
JPZAWD,34
DMEWHQ,100
LQGJXH,30
ZYVFSA,34
AMQLQG,94
CMQAWL,51
SBJHLH,14
APMEGU,66
NRWFMM,19
EXYGBK,73
EYKIPL,49
SBUWNF,12
SRBZSJ,65
ICVLWT,35
IFPJMW,73
LVBYQX,75
JCDJXD,29
LITDJH,64
RWIEQK,63
OHXXCW,81
WDBHTQ,32
KFIWTR,39
DASTNU,21
GYJNKD,6
JLTAUK,22
OUNWQY,77
IYVESR,19
VMZKBC,30
TSNCMI,52
NRYJTV,73
QKIYKE,90
QICSEO,36
DXOPQX,69
UELPNM,15
HFTOPY,79
JJQKCT,93
ZBDVDG,37
XCUXRN,43
VIDDLD,11
UZXEUL,80
DOWMVP,60
IAPBED,90
NNTCXJ,36
CZQDPJ,33
BHRDKF,6
VRNBKI,80
DXKJZI,55
MIMBYN,100
XLLPER,6
SDEKGF,10
NEJVMS,52
BPZCGG,48
AZTZVA,63
LPDNBB,90
NPJDMH,100
GJCGYB,62
KLHORC,38
HLCWUO,83
TSAUES,33
DEHDZA,76
MYECYK,89
GJGWSJ,75
HENYAV,38
OXDLMS,19
HHZLTU,52
ESOGKG,74
UPUQWF,59
DBDLSU,53
RWJSVA,24
ZXAPYG,63
QLUPOQ,29
QAXZVM,80
PUGGDZ,38
WLPWHR,69
MUPSTN,75
ACNTFB,35
SSGNOO,85
HIRJRF,27
YUORDA,56
FVUBZW,88
TKZHGF,34
RNVMTJ,83
RHZZWO,92
NFLNEF,37
BTUUNW,69
INNRRD,68
PDNFDS,52
JVFLIG,45
YKTHLG,54
DLEAJE,94
XWRUST,46
PRIZCR,67
EBNOJG,52
XRYLMO,56
FNAYUQ,73
MTEWRV,78
KDJPEI,79
EIJVNA,7
IIDMZN,46
QNXQHX,95
HVSXTY,91
YPTGCY,0
BGJYMH,63
SRJDQS,66
VGLZSU,63
TIFPPV,2
BQTQZH,42
RUXRON,14
RVQFGL,75
BYYBZN,89
GITLMD,13
FISCGK,90
XNDZVQ,92
NYCKVI,20
RDCZZT,44
KRFXAD,18
BKYDUD,28
YWPHVB,94
YDBBAI,63
NOMDFS,75
DCNJXM,36
WZFPDR,8
VDKIOR,11
ARNESI,47
AEPYWK,42
NPLSCB,46
LLTHXE,68
QYIGGZ,72
FKNPCD,16
EPJWDU,1
GYGATG,53
RUSODN,78
LGYKHG,1
SEUYYO,95
OXWFPS,72
HFWWFB,85
YKYMGK,4
UYTTXC,33
VBQYFQ,59
GWDTWW,83
HVBXHY,71
TRHWRC,39
OSQDWA,57
XBVUVO,88
NNAAZU,2
LJYAMY,0
AFWQAV,54
UEMZFR,38
GARLSE,10
IPDAXP,22
MSWOWC,34
ZYJEXC,90
AVWZZS,80
ATFXJE,28
RWOBRC,76
WRKKST,44
YEXIDN,5
AEEIJC,82
MEXDQS,23
WFPKQK,18
BIRMSU,41
BTFLTG,35
SXUJPU,66
BWDUZM,58
JXXQGA,16
PHLVUK,69
VWDVFL,60
LHMZHQ,9
EZXTXT,48
FFGZMT,39
XIOBYM,45
SQATGS,54
QOYSQK,68
CYQCXT,3
EKABMM,49
JVRFHQ,33
TLDLDC,18
VJRVHR,46
SHXAKF,12
YCCULC,33
CTXIDX,23
EKQXBR,23
UCGFZF,39
VIWDVO,89
LCBBOJ,23
JPIUCS,75
DHNLCI,91
QGHINC,82
OTLECW,38
DYODZO,38
ULKFST,28
FLDAUB,79
HCRWML,3
EOZJVB,27
DZWBYP,89
SFYHML,22
EDQWUB,5
LPIBTF,3
JGPTFT,77
ULPTYZ,81
LBXBER,50
LQDXJX,34
ODRNWJ,91
VMSNTV,31
CPWVDT,98
UHGTPM,44
BOZRYV,92
SZEUGH,89
NZYWKM,5
JVLTQF,77
MOQRHS,66
ITTNEI,30
XEPXBS,79
UYRVCB,92
CHPJZY,4
LCSMQH,16
VBASHS,75
ZWNQMB,86
ZAKFYO,5
YLRVXX,41
TQEDDW,79
LBGOGJ,28
HGDOFC,61
YEYCDK,51
EMTTLS,28
KVEHZG,96
TFFLTP,23
MXKDAK,21
ZUKQSC,98
WCJJFI,30
XKJZHB,36
SJAVQN,34
NJVHBI,53
JUAIHN,100
HRGKFM,17
FSVFWU,74
JQCULR,90
WGDMQH,44
ORNHJV,60
JARFRY,48
ANLKBB,50
MYCFUL,19
SMOPEI,6
UBBTLP,20
MTIAYJ,88
ONVFKE,84
ONDOVF,29
JJCJMH,68
ULCWPA,6
JDHTFK,27
JSZLLE,3
JPBDXF,51
NYDLDU,66
SPVFFS,57
VHAGKV,20
PGVQPE,52
YFOUZJ,27
PNITOK,88
NIZQLG,43
YZZRXH,86
QWQEHF,39
XMKPKC,93
LYPHME,50
IIAIYV,54
GYHUKY,99
SRUBQO,13
TQSDRO,73
ZNSINC,16
FCZVLP,17
NYYVJA,38
ZQYCJI,53
PXNDKA,37
PNGOKT,56
XZQTSN,36
WUWYYJ,95
RMASET,45
EFETKK,26
KNYPAN,37
LARXYJ,3
FPDXET,72
QILSDD,92
EGPEKV,33
TSOTXD,31
IHUFNT,18
SIGGYK,64
CQIMFA,31
RGHUGT,82
GPADTJ,87
VLOWZR,56
AIWRCR,22
GIWIIH,61
VXYINZ,40
AXIJKM,12
RTGBZH,27
WLKNCU,64
LXQDHZ,93
AYZKTB,20
BKESTB,40
QRUWVE,51
XJEIWU,66
HNIIYS,39
TVWKEB,22
OBQHIN,84
SEUWSC,42
JBIYMC,17
NMERIS,64
LABDAT,64
XQFEGM,94
LSQUKM,56
CEHAFP,22
IDZBHU,60
SCNRKI,94
QJOFUQ,1
KGKFCG,20
FZCSXB,78
IKFIGF,10
MBBQMF,76
VBHZNE,80
PGXABW,9
YVLYWP,46
QCFHAC,98
PLSABC,54
IWPKNE,32
QYOVLP,83
TFAFMS,25
DFHPAC,81
MCFWSR,82
VJBYDN,64
QCGSTU,19
NPRJGM,49
TZVKXI,9
UXWOKI,15
IILXVN,59
JJUDZX,35
ZGPCKS,53
FTGFAC,87
OFACUH,22
EHIBOO,60
ZRDJFM,21
NMQVZM,87
KCWSPM,53
ZLOAKO,37
JFLNPB,3
NYFJKK,89
UCSYLZ,32
IGHAFI,9
NFWDTG,64
MBGJPU,36
ZEOMPE,44
SCUJYV,67
WBGMKE,5
ZLQIWM,40
OUZSZJ,4
KUCQMN,76
MVKWJL,25
KIHMEY,97
BXASTR,83
ELKDBD,81
JZCDWN,4
ZPRSRZ,57
XIRPNI,98
XOKUGM,19
ULCRNW,31
PNZGRO,19
DXJZDX,15
GKFCNW,35
UULTPT,46
MZCFGD,64
RSEXHK,89
JANPIJ,55
BRGQVN,27
CZABET,3
EVLNRF,5
NIODTL,76
LUJMCX,0
JXGTVS,10
AKCBHK,52
MOYGWC,19
MJHFEB,11
MNAUMS,96
ABMXBM,67
CTWPWY,11
MPYIOX,81
BGAYWE,40
TFPTFH,59
DFDGAQ,18
CQTNJM,91
KJQZWH,0
FVDBLR,36
HWWJBZ,39
JYRWVJ,97
JWHNKC,2
DZBTMR,62
XBGFIQ,6
MAWWVS,8
AKQGWD,45
LLVHWJ,18
RNQYDL,43
XAAKUD,74
UKBTQA,56
ZNUOBC,61
REQCQN,59
SKADTA,7
QJOOYP,43
CFJLZH,55
JBLEZJ,84
XQCFBS,93
JARCDN,4
BOAHXC,75
PZRJUQ,64
YSFZSL,38
OWBJTW,95
TJKHVZ,0
OOHXLA,86
GCFOCM,9
XGWNXV,56
CTWZWM,60
ZJQBYC,27
JIDAVK,85
EDDJKU,46
EEGKQR,62
XKYCVV,23
HMDZQP,2
SZKOAN,38
BUVGZF,9
FDAZZV,42
OZMZKL,12
VYKYCM,77
TYPJHL,41
UFCBVX,85
USWIPP,20
TWDGWY,21
XRHQKK,50
CWJBLZ,44
KRJPQY,30
CMWTGX,40
IHLPOG,55
ZQISDF,35
XAOQLN,15
XYPPRO,68
ZTDUQS,85
ZFNJJY,76
MXHGVP,43
IRMUYY,77
ZEMUPA,4
ZMUHRN,70
VQZOGA,68
ZROAAP,81
NBAZNK,43
WQSIJG,39
PISGIF,81
TBOEAK,14
VFUEOJ,95
DDFCEM,97
GUBDBD,36
WPVZQI,65
EGTDNS,34
UTQJHE,30
JBAERJ,39
FPHPCY,100
RHHSGA,84
ORJXGU,44
OPOLOS,99
CMANQR,90
HIUMLX,77
NBVQIQ,6
OKCFHH,79
RHTBYN,27
ONPPUB,45
SGBTXR,54
QRLJCC,77
DQBNMF,58
GGAOFZ,86
VLDJYA,35
XMJANU,99
DJMGOI,58
NLTEQW,98
WDAJRT,57
DDMJHC,1
PMFURX,3
BGHYUJ,68
QKPZAL,29
VWAEES,46
SZFCFV,32
QEOWKC,55
KBLWMP,66
NHSVST,18
OINRCM,53
APEABT,95
YFHWLA,26
LPWWMN,0
EBQSZU,52
FATZOC,14
ZJUSQO,28
OHLKGQ,50
DPFWHS,60
OREXUM,66
JFPNFN,39
GQRRNY,30
XWBPIK,84
GUCCVM,85
LBOVCT,71
HVJHTL,31
EKSIJN,71
WVFCPS,11
LLUFZL,37
CNDNUF,20
TAXRPI,64
UMNHTN,81
MWKIZS,51
QRDFDD,66
UXTXTO,77
EHPYON,66
HEMKRA,68
JMSCOC,95
KHVIQY,32
RTFKAK,10
KTADPO,56
TGKGXU,61
AJKCBU,89
JWLNBB,11
UVXKKM,95
GYRXSL,45
EUAKBZ,13
SZITSA,83
KCLVRG,76
EDMMUV,3
DLOYUC,7
BSGZDB,39
NDEYLF,96
URVCDY,54
POGPMX,4
PJDAGZ,91
QRXLNJ,10
NLWMZC,10
KEDXFL,10
JZSDGS,50
NHGVGQ,56
RDSZYT,78
IWDRES,77
VMUNQK,15
QBBBYL,32
DXQPSO,0
WBWNDS,36
RUDHZQ,81
SELORJ,4
YCYAVA,12
FQZMIS,15
LYMISN,80
EVPYAW,12
RCPSEJ,100
JCGWMV,14
QCXZEM,10
ZELEYR,81
XUJFYV,59
ECBJOG,95
PYVWZL,99
YYOHFM,32
PANDWY,85
CPEXOY,51
LBOHON,94
YRWELC,68
EULJXA,76
QHTBST,18
IKCGPM,30
JJJURF,69
ESMGIY,73
ZUHTVL,78
NRKUFF,65
KXAJXA,80
VRMPYF,33
ATRGOW,79
CQFTPL,8
ZFAWKT,61
UXVSIO,57
MTWJDY,65
SLLUVU,5
RXDFAD,44
VITEPC,27
GGKCEP,70
VGLYUR,65
KOWYSU,86
SRNOUI,2
QMTZDF,62
NDANVI,96
RFWAUQ,19
OGWHTF,12
YSYURH,80
XKBRUA,9
GTJTFS,50
IHLXQO,10
IHSZYC,25
CSUFLP,86
LYMNQN,65
HSHWZE,60
SVUFMQ,30
OXGETE,32
EJBNPX,70
VQESCY,99
HVRFSJ,43
EZNIZI,88
XVUHCN,32
OLYKTG,58
TSQEQH,55
MFLLZD,36
IJNZNS,96
FTYXFD,44
PHFKSI,57
YJITXP,15
BXMHUW,97
PBXJBH,6
TUXRNP,25
BOBEVM,79
BXTMQA,33
SPHYET,64
UKTGLS,44
XVQIAZ,92
BYSULT,59
YDYQEQ,62
OZIXZZ,2
XKARJE,4
KCEYHB,35
DXSNVN,72
QPHCOM,5
OIIVFK,59
DYXIJI,48
NENEKD,24
WFJEFE,69
HXNMBA,64
NRNYTK,25
EABZEC,10
YPWTQQ,27
EXWSDZ,96
PWSSAU,5
VVMEIK,30
SBDCIH,11
BZAZJM,3
YFHVSX,26
UXJDNR,86
YVNEDO,79
JVDTQL,53
KRGTYV,94
WNQRNK,66
LJWBJA,86
VRSUJJ,9
UBBHBK,38
LMRJXV,88
HIBGDM,25
OZLRRE,84
ECFWQF,74
QLWUGY,27
KOMDXN,89
WUIGHK,50
AHPEZC,57
SUYMQZ,2
PSXJQJ,49
IMGQOA,66
SNYTWM,92
VLPOAL,11
YTEKEM,92
JDPBYS,36
HOMTDQ,16
YDGSQN,62
VJSCQC,53
VGRMAO,58
LLDGPF,95
BFFXAZ,54
MWQKUH,60
BGCJES,8
LIGDII,81
BXFEHF,9
GQURZR,53
HZBHEM,34
FIZIFZ,9
YWQKNZ,96
WRGZBT,61
GNCUSR,48
BIJLNH,12
HMXTJG,80
EWMOKZ,76
DMWYEG,12
QGEKPZ,86
UMPSSC,43
LNOJBR,96
RVQQDX,65
RBSZHB,86
BFRQMH,2
WKSQCL,73
CWSEOU,79
BFVEJA,27
IJUVAF,80
DABVNM,27
QAZODV,71
AWNDZF,0
UBEDNM,48
AGJEXN,23
FQJWJS,71
SUOIYX,13
WSJMWC,93
ZLEAQS,55
VUGXJW,65
OGTNTD,81
MLLZVP,44
ITMMNZ,10
TTRHUM,1
SASCWB,7
FZIQHY,85
AFOBHT,68
JALLYU,6
KNLUPM,34
QAUMBG,29
TPIFHP,14
XZAMWI,85
RMNWWA,38
HGDXBI,26
AKCVZT,2
KVRDBS,63
TEDQAH,75
LGPJPJ,88
AXCZHR,78
LDTBLB,51
HTSFHU,13
CTRVLR,98
ZPNFPD,43
WLRKPS,82
TDSPKR,50
RGULUH,21
SRQSOB,81
NPKYZK,9
GFWRSM,94
EKWLXB,68
BQDUOD,68
ZYTNWI,48
BPNQWS,69
HVHVLZ,43
OEWMNW,53
OACHBY,47
KGAQIC,97
EPYWZI,61
QCNONX,84
LVPSPO,58
CLGGSZ,4
MQFMLG,73
UMSWCW,90
FBJABQ,77
UXSAOO,58
SXNRLZ,93
UIFHZK,65
IPBXXZ,4
UTCVXS,33
UNTNPR,25
KPWGPA,48
BEDDGP,25
XPWODB,72
AZDEER,64
YYDQPI,2
GQKFEC,23
BZEMOZ,75
CTXQDA,90
SADDBY,78
HNGMGB,23
XGXAHZ,44
PNTMNO,41
ECMHAQ,35
JQEILP,82
QZJAZO,10
SDNCQS,2
MIOLLZ,41
XOXVRI,56
BXJZSM,95
MFSEKL,39
THRGJS,61
VOLZDI,51
SVEGFW,35
RQDPLK,42
DVKTZC,1
NYFVTK,22
IKNOKD,97
CDYBCP,8
SVWLVM,80
PNKQSR,56
UOKILG,87
KZZDOD,65
MYUSWD,47
WDTJZQ,43
WHLYRB,7
YNBAFR,91
MCHOOA,25
SWOISI,48
KGAPVD,96
WGHFEK,73
XMEZGC,72
XAGPEH,67
XHCSLB,97
VNXVNL,73
ILLOPH,16
JZWYJU,83
HAZFCX,71
DEETHB,100
JRSLXS,43
GVUNTO,61
NGGKVX,24
CMMZUF,3
ANAWCR,59
CHSDEP,3
YWUWRA,95
DJRPKU,41
LBSNBO,94
CHDEZH,76
BZWLQS,38
GBKQVO,71
JZXFOW,92
LCEBNA,30
QVYFVR,67
CJVFEN,89
LCOMVD,61
PBAATI,12
WIBBNO,96
JNCNIO,12
GVHAIE,30
JRTAWR,94
CBEPUD,28
BUVNHD,84
MDFVKJ,84
NTLQOS,76
NNSZNS,84
PBTRLT,79
IYLZMW,58
CDWWOX,25
TLAOVQ,48
OOJCPK,76
TEVJXX,55
IEXSMD,7
FVUWOS,56
KTRODU,33
DQAGYP,33
WGYNWL,57
XRZRWY,55
LQJMGD,62
NOODGU,23
CFICSQ,50
GPINHI,55
CBNWEO,41
WKGORZ,3
VLFLQA,70
SWHLOU,35
WJUYBM,48
NOPQEA,2
CRXBCC,1
YBMLXD,36
IILXIM,28
BKGWSH,60
MWECMB,29
GINYIP,98
BDWRTW,80
OEVZTV,71
KBODAX,85
RFYPIU,33
OJXQCE,0
JSBSEO,13
KFNMNO,91
AHLXOW,29
MDUUAI,12
UQPLNP,50
GWCYGG,15
UYIQWU,58
HWHETE,34
RAANHR,29
PDCSCE,45
IUONAD,33
ZOKSBB,12
YIOHZJ,80
CGNZWC,66
XBIZNY,29
EHXRGW,54
CJZPXP,67
IDRSGU,33
REUBOM,46
KDYPYQ,44
QEZNDP,15
WFTDTA,44
DUBGZT,3
LSNTEQ,98
MTRDYS,66
DDGNWI,31
FMXIHA,78
TIIMWJ,76
SFUSIA,49
MAWEZN,15
KRWTUV,7
ELRNXT,56
QYPAOM,0
RALILZ,48
WFQGVR,87
JFTWID,75
RNXNAP,62
WDPCBM,31
KRBVTZ,97
QUKVTE,16
NTZGWG,18
WIRWSC,53
VUPOMB,73
LMPPDJ,75
DFDGSP,8
URILRM,42
AGKDWZ,12
NGANQX,59
BWPTQV,70
MCFIKF,93
RBYQBF,33
AOQERC,35
MDFBHS,60
CCKVUL,48
VPDNDG,84
NNHZOM,26
XXWZAC,43
UXQWFR,38
TOSLJR,85
PHPJLS,80
OFIKVM,15
CIOUGL,49
QEDDKH,89
AWRANR,91
FMSOVE,1
EPVCPD,25
KYYZSJ,29
ZIFPEU,12
HAKPNP,59
MXYJQX,70
PAQQZQ,52
UVLQUT,55
RLRQRJ,100
SFLSQA,58
VJTYOU,32
RJTBZQ,78
ZGWMFJ,73
WZOESD,17
ZUFOSL,13
LXQCKT,4
TNUSTT,40
YNJHGD,24
SVJJQP,57
YNOLOK,65
CCVUPZ,3
YJFQKH,94
SNQSCT,65
TFBBRX,70
ATNXZT,58
DLOSET,72
BIAREB,55
SMFGDU,5
PUWCBI,41
JAEOWT,55
TILKEZ,95
VIDODY,88
CUWAVE,82
CRWQHA,24
TVNAHU,78
NUHVVQ,6
OJBGZT,80
GCILBI,78
NZEYGI,95
LHZRGV,4
FNZYLE,62
QMBWXS,49
EBVDQA,72
GDOURT,68
SLDNMQ,95
UCRLKM,34
EPQNUJ,91
JHWCNR,77
NJAFPM,81
EDZJJR,44
QSEGJR,25
TRVWUP,18
OBJPHH,41
UWWSZD,44
LWGEYP,93
HWRIOU,13
LUKQRO,83
EMSUSL,92
VWPJAM,13
WDWCHE,42
GIHRYE,53
GNTKFO,83
UYSRBH,47
CDEOFB,4
NDBNMD,93
HPPMNO,10
OWKCHT,22
EEVWMP,9
NSUSFP,53
RHEPEV,96
VYBZGA,37
BZJPYC,99
BJLCLA,63
XNDFNE,56
JCWHMY,48
ZXYKZL,69
AJHSDY,42
MLLNPK,87
SNZSXR,1
ORCJOT,81
EYZXIY,67
AFQHDJ,21
JTEGWT,27
IDBCHC,17
NYNNXQ,83
JRMPNY,76
CVCWGH,74
ZYFHJX,85
QLLGUV,43
NSSDHX,22
VTBNPL,97
FCHNSE,53
IIWNIA,75
HFEHTW,59
ANGIZM,84
AVDXLI,89
KPLJRC,84
GJZYWW,64
XMOFEJ,35
WTHFMQ,11
LHBWWV,79
ULEPYU,95
QNOPGN,29
BOMSCY,59
PHRNHB,38
ATUXZP,81
ZNZXWU,73
CPBYDX,58
XVFXBD,28
QGKXJQ,1
LQHALC,94
EDPXKX,63
AIKAEU,46
KIFKTE,17
NGPZZM,47
NBLRHX,77
JRCPCZ,73
LRGSMS,1
EKIASU,10
DNHHFN,74
NWUXSY,83
TOEOIG,61
KIZDKF,97
KJINAW,85
ZPTWUD,25
BOLGSM,54
MFQBKP,91
OJWQZI,17
HFQRXO,63
FWIXXB,88
XVOITQ,90
WNWYEL,78
XJVOYC,85
PRICSC,89
XMEMVI,6
EFXHWB,59
WMEULT,35
KIAETP,1
WXJWBT,25
TGNCKL,82
NKYEHG,20
GLOVTJ,10
AYNDID,6
IBOCQC,32
GRABRT,23
DFSTWM,5
UFYFKV,94
HVSQTQ,54
HSEBYQ,27
JNOCHE,61
KIQYEG,47
LGVYNX,94
AYEQHN,63
NPYHML,32
OUIKPR,26
QCGQZU,92
JWENVT,71
FWEIZB,31
AAPQAW,13
WXBCPI,25
KALYTC,11
FNBOEM,79
ZADFTF,11
MVUTOG,16
ZLPSZZ,82
LHVAML,98
IBPLSX,84
RQTXWB,67
HVWDED,2
NBSSEN,93
YOCZOA,79
CJNDYB,29
XFCHYM,47
GABCQL,7
JNFJOY,75
MNHZJH,17
ZTYOZR,91
RRODRK,95
RTIQOA,85
ILXBOE,97
ZKPKZD,24
XYJIPE,23
WOXJCH,40
QNAXCS,31
OSXVZF,86
IFBMZS,72
AXHCFA,49
SQTPDH,99
UOGMDA,77
ODTOUL,46
INWTVJ,88
FGDZSU,57
BCNJSG,7
QMSGWS,6
FUOODC,3
LUDAQX,80
GUCBYK,92
OXUNMQ,79
WAFMHZ,14
MHTNBK,94
UBVLKC,28
NALNSV,84
AJMISN,82
CBQNXS,70
PFYTFN,87
YDWDAI,36
MZDKNR,98
ETLJSR,76
HERTNY,23
YVNPFE,10
EEKPKU,9
OERQCJ,66
VIGXIQ,52
RPTHQV,85
QYBVVA,22
BDZZBF,38
VOSBXE,65
AKITJC,71
TNAAMB,60
MWPPGF,19
UXQFPR,61
RTSISM,33
QGXLHH,73
RGRMFN,78
WCYIAE,20
JJVRSF,15
RJYTGB,63
VLSGXH,32
TOYJMI,63
VTYRJM,1
AWHDMO,38
HSQUWK,78
TNLNUG,82
XFQLPK,61
GCPWJO,86
LSEKCC,19
UFLKRB,82
IQZCGG,25
WIAGUR,50
HKLSNP,6
DFGKFR,35
KYUVCX,13
VPSYIR,70
NTAZQA,43
RQLNJD,56
JCTUZQ,62
EOMEDC,68
XTZYEA,56
FHMYPG,24
LWSQAP,90
HOQJVC,10
YNPQCN,66
SRIXLA,57
CPODEP,13
QLWNNI,26
XXQULG,92
SFVZXX,39
KFTINN,29
ZNRNAC,98
TQFRRE,35
EGDIYR,85
ZGETYD,76
BHUSBN,82
OJVFWK,59
FSQCPZ,22
QBOBOQ,19
OXPUKQ,88
JEHFCE,79
ZCFYIT,97
MSFYBB,30
HYKKQT,62
XGHMMM,1
TJZTUY,90
BAPEJN,58
PZVQFY,33
AHCZQJ,56
RSPQVW,41
ZUMJUP,78
KJGRDS,85
PPOAFY,57
PYIYQV,30
IVMIWY,58
VSDGTM,77
XGJGHH,88
AYTGZC,73
AHGTZE,83
VYIMRT,80
ESTTXU,33
NDLRRC,65
CXVKEI,54
EKMLTY,30
ZAQDWC,38
HQKUGY,15
UKXAJS,89
YVJMIQ,80
NETZFZ,12
WQPGDC,80
VYHAYZ,87
AYYBBD,53
SBWEJB,48
FJJROD,65
XXPIGL,98
OBUOKP,61
MSKDRY,26
SXUHYW,15
RCUZEU,94
ZMMIZC,30
DEWXWL,8
QGSEZD,43
SGJIPC,25
ICCMMT,78
EJMZYF,5
ECEHPX,24
NNVPXD,53
YPCDJD,16
XKWHGJ,96
GICDVH,5
LUASMF,14
FTXSXQ,93
NRDJGV,83
NLDXZG,94
BMMHKV,70
AEIOTS,66
BESCUL,40
DVJNJS,49
TLNZJT,53
UXRVNR,78
VOGVSE,17
APWLGQ,22
CQEXMZ,51
MINVCZ,45
ZYBFAC,41
NWSBAO,98
WNAEEH,4
EZEEAE,34
AQCJGA,69
LGGACE,84
VHTUNL,70
VPDQAG,61
ELPNVM,67
YQPGTN,15
CJXGVB,19
CBWVDT,97
JCHYWL,67
NGIWHW,79
PRAKES,42
JBDASE,78
IQPGKE,85
WEJPFM,54
RHRCUZ,27
NGHRMI,30
DHOVFZ,79
NMNYDT,93
WZVHLT,34
SXUJGR,2
ATPOCG,1
FBCOOT,92
BIQUBL,35
JFIEKZ,59
GDLIXT,29
UQMTWL,98
MKPOYA,46
IKEKIV,43
ZMRBOB,22
TWODVU,44
LCJAXK,94
WAFPLJ,52
DVCPDN,49
RPMDKQ,93
PALXCU,87
INEHCF,46
UCTVIK,21
GCAVNS,36
ZFMVPX,60
UPGQDK,78
GUZTJI,4
KVRSDX,75
WJMUOO,35
XVZDGD,80
XESURI,79
DJCXCL,42
WTXGXR,46
JNZQHZ,92
VHJGWK,35
PDWDKA,82
HAXTOG,70
MODYUU,1
GHLFAY,28
UIPULV,37
LJPLCW,39
CTZBKO,34
QZTDXY,100
VTCUJC,89
KIIOOV,91
SOOFTJ,9
AVUNYL,28
AFPIXC,6
LJEFGO,39
HNOVDH,39
LBDZTT,90
MZQHTP,31
ORMSZH,81
DUWRAG,45
MGHDHB,99
PLBFKU,46
ORAFEG,76
RHAEJH,66
PGYXNC,62
DEIGDP,45
ZSMPAE,75
OYTKYI,59
EAFADP,14
XUCBKF,74
AXYUVK,19
WSAHAD,11
IOPRTF,56
HJROBN,78
TEIKOP,25
HWPXNY,17
AUJHNF,56
OMSYZT,30
VSIJMF,82
MAYREJ,62
OEBSUU,74
NFPVEH,39
AJZUAS,10
IOKFHU,50
CHXBJK,95
EVIMVA,83
PEMSQA,27
MGPQEL,30
GCQCZI,66
OWPDPM,95
WLMBKG,50
GQOLGL,7
QBESZF,57
IEWKAP,62
JMVXYD,45
SHEDWR,40
IOZYTX,37
IVKGLF,48
ZIAYYP,83
HGPHPP,93
LWRPUM,71
LLGAOI,57
RHCAOF,4
BQAEOG,86
XAKCHQ,70
FCHEEL,74
ANSABC,14
XYSTSS,2
HZPVQY,10
LBXINE,96
MCUCSZ,24
AJBFRJ,68
GSVEJO,4
INRAYU,65
OGYAGF,45
SOVFBI,59
IDPCDQ,41
SJAOLW,55
XAZFCS,14
ELDSCR,0
JBVFIO,9
RVFWYV,83
SDNLID,58
WTUEFH,93
PLEAUF,97
VVHNFZ,74
FUFFWT,64
NAFEGN,13
RCXAGI,45
JGRXFQ,20
TLKKRK,77
MKUTLC,1
MLNAOB,86
KSPMMD,36
MZDKBQ,21
LJLCGE,0
QGKWXH,54
ZUPBUW,48
FMWDZM,91
YHEQVA,48
TYHUUN,100
RAQBCY,43
HRTQYA,21
HGKYLA,88
AUUBWH,63
RPSJDC,41
RFBRWD,42
MDVEHL,100
FWMNUH,4
UAOECP,8
XXIQLO,69
IGEIWX,52
LIMFZU,97
YVZSGU,76
BGLOXG,66
QXYNHN,67
LGHCRD,75
JMIGRD,36
BTSJGQ,99
IPVPQR,10
QYVMYG,48
XQOTDU,59
YCKNLI,95
LSNGSO,11
OTGFGS,35
QYFQYW,26
SSDCVG,3
MFGSZU,75
CSVSYU,9
DDCHGL,5
ABWLSI,27
TVGGMU,75
PYIKNA,63
AKIDFP,82
VCONQC,64
VPWWVX,29
IWBFFH,60
SJBUNX,19
NJOPYC,59
XJYJBM,4
BMQCOI,44
PPUUKU,21
TJNAPI,0
FEQDJP,98
AOZBXQ,33
GWGKIF,32
UDQJFX,25
CMJCUR,80
BQTISL,12
AAOUFK,20
VLNSTD,51
PZUZOF,37
YLGZZE,65
LFSRNL,4
NXFBZQ,48
MMFNLM,71
VZOXRL,99
POCSIZ,66
TEGCEL,99
YTIKXA,74
JGOIBR,92
TKFEEE,99
BQYTQS,49
WHWOJH,52
BJPHZS,53
RNOMWE,68
KRDQOQ,34
JJJHYT,30
QEUBJB,67
XXGWBN,13
WKQLQS,22
DWJKDU,40
ORCGSC,54
CZGFXD,41
ISKJBX,53
YZLPKN,41
PPLWOS,72
IQMMTE,60
CHGHMT,90
DQCGKZ,65
FUZPEF,43
EGAJAK,62
FZIDWS,56
MSSTPC,33
VUOXPW,59
HVGCTY,43
YKHZOM,8
KVFOWD,67
YDZJER,35
PORQOR,32
VNAKWU,23
MDYUFE,45
GHRZWX,82
HHPWQW,88
OGPQBN,26
PQLLME,35
JJXCBU,59
KEDTJK,63
KHJJZF,34
WYMGUT,100
NYWCRK,24
SNOAMH,22
DMSLMP,22
YYGRHN,39
VHHSEG,40
VIFIIQ,30
EUCVFF,27
CFBJRH,16
JTNXBO,77
HFBZIK,16
KYRXXZ,50
THZSOX,46
ZCFRES,79
DCTLFF,56
ANRXUB,100
TMLUST,52
YLRTBV,96
HWWSIQ,53
CFOVGZ,27
CMVJEI,43
JXZHMN,34
OCOUIE,69
BUHIZN,76
MHGIUM,9
CDCKWY,56
KHZYGM,13
GSMDXA,56
YGKHCV,16
MGMWGE,73
NXLZSW,80
BTFEGM,82
WAACDA,87
TJINSD,70
CTFOPB,22
LCQSPV,2
CTKELE,71
BWLGBZ,80
RBXNRO,3
KOLLXI,71
JOGKMW,4
WGLMZY,79
SEPSBJ,45
SRDZRG,44
KDCPST,36
TJRTQZ,71
QTQSIY,15
EILRDW,7
JMWSFE,69
TQEHRS,9
EMPNGZ,42
BSNXPE,25
RZZOZI,12
CGRRYN,41
SYTWWN,71
WCMJKK,26
OFQWTL,61
BDRNUJ,26
EKPRUW,41
FXZOQD,47
ERESIL,19
HNDICO,98
FSNFHM,65
UOHVMX,96
SGERVU,74
RKXRIB,30
SENXLE,78
JTYRQB,21
UJWPIG,39
NMCKTB,4
JBEDPL,13
AKABJB,90
KLRANF,31
GCENRP,96
PADVOY,45
EBUUGQ,46
LGECDB,50
JGDAFM,91
YULBYU,45
YDLKRY,68
UXKEJW,69
WXSQGH,100
ERNJZC,20
DHHZMS,67
PYKPEB,75
OTCSPM,50
TTPZCQ,53
BBBMAN,83
ITHRPG,37
FPIPNM,51
RZJIIA,42
MICMBC,38
DXLFKD,14
GAUTQX,68
UIDTLB,35
SLKZXQ,44
HXLUMZ,71
EYHTUU,13
RJGDSB,61
QFZNKR,8
GGWFNK,73
DRVTUB,84
LVOUQF,81
LOFEXL,32
GPKUJW,51
SXJFTQ,78
VAJADF,91
IZZVYW,39
ASRWKP,55
YVQTIY,50
YQLFLX,83
FRNFFN,88
ZZHMNJ,62
YCECMX,62
XBWGLE,13
CJPGHT,26
HIVBIH,91
YVSNWQ,89
XGYVYA,30
IHYQDF,91
VEZHBY,31
XOXTYK,84
LFRARF,33
NXFHDZ,68
GDDTTN,62
HOCZRQ,97
DSMTRU,50
NFWDRM,47
KSQAUS,9
VTLSNV,50
TLYFBA,49
PXNOKO,77
KGVYBW,65
VIEAJR,8
NJGQLX,65
KHOVSO,81
PTQMVI,29
FQXBBR,85
TOWJTL,9
CVURUB,33
MRVQMD,20
YMRTMA,40
NABWDK,55
PXTBSR,79
FWIQNZ,88
SXKFQX,76
UXDYVJ,17
LUJOLK,80
OBGXZK,76
CIQXXK,88
BQVJGM,5
OARHOR,68
CCLDFE,90
NFOYYL,91
LSGXYN,87
CRUPPC,61
KQZXXS,84
CXGVRM,15
YXUHBH,91
KAAOKN,76
XFDRNR,29
TLSBOR,21
VGPPUF,51
KJRHTL,59
IUMPUJ,2
JHLRIT,5
ACTOEO,83
MPIKPW,81
UKJWXM,59
HDYDKY,68
EYZVIK,81
HASPNG,44
IYJZCE,18
GHEAKX,18
TCULHO,44
QJUVNM,12
OAPDUT,91
PQITRH,60
ZNYGZD,62
KWMBCQ,84
AEXGQN,25
WQFFJX,89
TPYTTX,78
GPFEQS,55
ABZRSQ,84
DMSULL,21
RMGBMW,86
XDTXFR,36
RDUPPC,19
VAHLVL,72
BAPDJP,47
NXPSWP,68
MKYUIE,38
JSAZJH,48
GFOTYM,27
OBRYAU,43
ERQEYK,91
FUDEWQ,93
XDKXJZ,10
QWLATL,19
JEGZVK,5
HEEXUF,73
ZOWBRL,25
MOSHNN,72
HAYHAL,8
GEYGHX,68
MRVEQV,87
ZTOFYX,100
BFHQNH,57
SCVZZW,11
HFZFTX,69
WEDPZZ,44
PVUCDI,9
MXVBKI,97
SCPYRQ,32
AXNNAV,53
EYKOEW,21
IURJFX,30
OVWEWS,6
QIWBJP,98
HDWOAZ,83
VXTHUY,63
NVSOSQ,82
VLHMVO,56
TGUYQZ,34
SAKKSO,35
WRCKIN,58
GWDKIA,40
DQBTFA,61
NHYHEC,40
RZWSWZ,27
PBWRUR,48
SFLXUR,61
WKJZAR,95
UESOMV,76
DKCCLG,46
BHFWRT,61
TSUNUA,69
HNNBSZ,52
ZKZNRP,39
WTWVHC,59
STUBNL,7
UGRXVL,62
KGSVHN,42
CYDGVY,6
TEFEVY,6
GQMETW,31
UAJYJC,9
OGNHOA,98
SSOARL,74
FKTSTO,68
FFFAKD,32
VULYFJ,80
GLSMMN,9
PBVUHQ,63
ZWBRXM,9
ZUDQSR,75
EKINBY,70
OZSCHQ,75
LPGHFT,65
XHKHIQ,39
UTTIYQ,16
BWPWLL,20
JMFVAP,93
MYFKLK,36
FLSYWO,24
HXXYUB,81
RRLDZS,17
UZTKTY,16
GUXQGV,84
ZVSVKU,77
KCXUUZ,11
BEVYPS,0
YZXYTL,50
STOGIS,73
QPZUIZ,97
RBYPTY,24
DKNHYO,94
KITYHA,95
HYKOTN,46
FNFFDM,99
BZBVIL,77
RAIBGV,13
CWHEHH,6
SAOMZL,96
FTDXOF,32
SCNUAL,37
PJVXDU,66
FIRLOQ,66
GDARPX,73
KJFIJW,80
WBZQDQ,30
SEFSCI,21
ZUQIWV,30
FEURYQ,17
WPIUXR,60
KGFVAT,64
LJCDWD,3
TAAFCS,29
XKTHND,13
AYRORF,3
CWNXBP,21
GVXKIR,90
TCEFIZ,31
ULZXQO,93
YJMEBA,34
VFIVLK,9
EBTJQC,25
AATMHD,73
OHKFOK,46
MZKEVH,49
UISJXS,74
UAJZRJ,42
GBSHUV,71
IGHLPA,61
WPIDYH,85
WLHTUE,71
NDOUSX,52
OKRCVJ,18
SRMEUV,46
BLXNGD,14
ZEFDXH,99
SXPUAK,6
FEKWIZ,96
AEQLFS,97
RISSGD,87
XOJIVC,81
PWPITF,19
WWNUZK,82
SILNMT,42
TPPGAB,24
AWQZOI,82
MRQRUV,68
JZFYRD,26
LWDLMK,85
RGMORX,56
XKDJYQ,94
TQCRDK,2
BYANTW,58
GSWEKA,2
HSCDRO,73
LDOHPZ,76
APDHBR,22
YCIYZS,32
IMXYBO,40
ULXBKS,55
HMHCCH,51
LBOECL,9
LAHJGM,20
HOUPXD,66
OYPMNW,42
CVFLJS,50
FSDCPQ,66
EDTXTG,55
AVNNBN,4
ZGOXDK,66
GPXUPD,48
NZUNNG,79
MVLRAI,0
XFXPIQ,38
EKEJKK,6
MTBGTW,38
TITFEQ,40
PNGYPY,52
URBTTY,93
SNWAGT,52
CNTJDM,88
OPUCGW,21
FRXPWI,79
IKNIVR,21
TMWRQF,57
BYCBAE,43
MCWYTF,84
ZTJNBG,93
YNTHEC,44
HMXMMW,13
FFDRNF,59
QSJWZI,42
FVHHTB,60
KFPXWU,58
KVNGHD,17
HXRQMD,62
PBJHKF,51
AQBNXC,46
VWXNKF,7
NXCBQY,82
RPXLJO,81
DQFHLX,10
GOUYLD,70
MMDTWH,52
CMZIPG,54
FMAYHB,34
VVMIJD,49
IPKGMO,81
TLFTIM,88
OCRIEB,90
PWUAMS,59
REDUQW,37
ZOOPMS,91
LQPRSR,72
SNEOOI,28
HUVMXL,57
SGODCM,55
CORFAV,47
TBBEIV,12
TIEHJR,32
DUUGSQ,44
YDABYL,96
KEGWPT,32
HHUUBI,20
XXDVVP,11
WDBGLM,70
ESPBWC,71
TWRFXD,85
MLLWXW,75
IWJGOT,98
VYLHBO,64
KXBUVL,54
LGBZXU,99
EXRKQW,64
LCKMIN,58
AMAPLO,39
MPYVCW,6
XVVZOQ,78
KNSOHX,98
MGSWJC,3
RXDIXA,81
KAJOSL,66
DSMRZA,88
KKDMWM,8
EVDOPS,29
STDUYO,26
UEDFFH,45
IMLRNA,78
TABGJX,99
NFSCQY,47
YUXKEQ,96
YXABTJ,16
TGQYZM,19
IAOKRT,24
GHFOMU,16
XBGORV,42
TIATHV,20
OFLIXI,11
JAMYCD,8
YHAXSK,71
ORRCBK,45
SKSYXC,60
OBAGAN,25
FKHHHA,71
NBUSEZ,71
NVDCSU,48
GGBNKQ,76
PZBVNO,60
YUNJXM,57
APHQPJ,38
OIAMWJ,40
FGJMYL,62
DPZYER,80
KYQNIT,52
MASHDH,32
RBELBG,29
WIGWIG,98
MHLJWL,48
ENQZTI,99
YAUARL,18
MZOIDY,15
PMRDIG,73
YDNGMD,58
QXYSLT,44
ODHZYZ,95
LEZDLW,50
GYSWOX,20
LPSOUO,67
OSHGJA,35
GUPSYD,95
AEOELV,33
FMKEXD,61
MFKOAO,54
ZTPBAL,6
QZIZFM,87
YPIHEL,95
MWBTPV,93
HOQAXI,68
VXAUQA,51
TAWUSN,21
VDTAPS,48
BIPWZH,88
ILLTLW,40
COOVJV,96
WWDESR,25
UKUHIK,55
SHRCCM,40
EAXTFR,37
GPUFTY,34
HLBJPF,36
OLCYPJ,95
QAAAXT,81
KQVIOG,47
QVBFZF,83
ZTEPGZ,84
WTOGGU,91
FLUWCU,87
AOOEYU,86
CSIPYE,13
SEBONZ,75
MWRECK,70
WMPSBO,77
YNZOMM,47
NAXLGR,34
JRLKBM,72
NJQFHR,13
POMCHY,30
UZFHIJ,94
WIBLEB,0
TMGAJY,91
PXLWLL,59
OQOEDV,94
AZZFJA,8
ZGWRZL,15
YGMLBX,89
CVVAOW,21
KGJTIC,60
DJRNLS,47
MECOBI,69
NEYGDJ,73
SYGBOT,85
SBDMSP,100
XVDAMI,47
EAJHIF,40
DBEAXX,7
DCKOMB,66
SDUUJV,6
ZGLPTS,90
ISWDVZ,68
CFGHAW,41
HSENKE,98
NBPCOZ,32
BANADE,58
WPWCSG,65
WPHKYO,52
PCNSDY,81
AZVKSG,32
EMQOMK,83
TSQDAA,85
AAUIVR,54
WTEPWK,85
UYCZOD,35
IPFGQB,89
IVEZXZ,34
ZAKSIV,62
RKLGUE,7
WVDDZZ,47
BGOXXP,40
PMZCXK,46
HXGTPN,46
UFDVSV,1
PBDMEB,74
ZFXLLJ,53
MIPQJP,9
DONWML,71
DUKVJB,84
BRJCNF,6
RWHSSY,72
VMNDKL,13
GQKBEA,68
QKUQYH,88
OBYWUW,57
GCOWNG,57
MJZPHO,0
IYSZXP,100
KQBXKV,76
ZKMLPJ,95
YBNUME,34
YSNDFS,89
USKCNS,47
RCRINM,57
FCTVDD,34
XCCSTM,42
JYHTFS,39
CFGSNV,6
ULOCNQ,9
ETGGLE,21
RCJUZX,15
SGCFUB,83
WJRMRD,11
NXVRSK,38
QAQXSX,12
EFIGWT,85
WWRYFM,66
TSDZUZ,74
ISNTNX,6
CJWYKB,99
JPIMZB,38
KWMNAK,59
YSCHIL,62
ERKTSF,72
CHPAJK,78
PFJEND,40
JNDNQE,86
BSROEB,39
KRPLCJ,96
HMIAGS,17
TORMSD,93
JWTKPU,7
YODOVE,8
JXYVKR,67
AQQARK,76
NWFPYX,25
SZCVBT,100
FIBEXQ,23
ZUKTCT,59
BJZFDB,92
TJMDPM,79
WUOHSG,93
TVTZTQ,40
EENZNH,7
QPTDLZ,69
LROZYG,84
YCHBBQ,83
ODHJCZ,39
MGOYVS,31
FXSGTN,22
QGDVXZ,13
OWNOWZ,59
WJLXYX,83
NSMVFU,22
VBEVAJ,6
KUZWIM,14
KKNEGD,94
XGBKHS,41
VPVQHP,16
VDNKZR,66
ONJZCY,3
CJHWVC,32
AKBLLQ,69
PGUIKA,67
RHPOBG,61
AAMCJD,67
XIVGTX,40
ZDWUYD,55
XOUQRN,99
XUGNUW,25
FHLYPP,72
VOXETQ,67
RNMIQP,1
VWRSMV,91
JCQQTM,3
PKTRAY,27
NPGVUB,91
PMZQDC,37
JDJEOP,90
HYMAAP,95
KDBDUV,30
KSXXYR,40
TCEHZS,31
GAWYRJ,74
OVBZTG,9
JHMRFC,100
OBMNGN,91
CVAGBV,97
QOPULA,66
RJHOWU,70
FAWRVE,62
ZYFJMH,56
MXRPDE,85
ZLFZEH,9
FQNVON,25
QUTPUO,16
RMZQGY,1
ZVCTMA,34
WSPSGH,47
EQAFMK,13
ILAISG,34
QVECWB,0
WXVTAO,30
EFQLMV,86
NBTFAR,21
YVOORO,75
QYVUZJ,45
WGBGOD,93
IFWUMT,78
ZAKGCA,10
PKFJEB,83
GKPTTN,82
WDAAKH,88
ONIMMA,7
HXROKT,79
IJERGN,75
ZPGMXD,59
UVWVZP,46
HQRYDY,39
LOAQQT,57
QCSDHF,36
MNGSPS,87
QZZIPI,55
PRHWIP,6
BEDYEZ,22
JTSXRR,25
WZCHMT,88
LMVGTA,46
VASQLK,15
QJSQQN,58
WJFHSH,43
ZLWSSG,59
XNBDTV,4
ZKFHWM,19
SPVTBP,71
FWOEFM,33
EJREDR,21
VMZCLY,41
HCINIC,24
OHEFEO,26
QZEYIZ,74
ERKFUE,39
AGSWPO,45
YWYKBA,28
LKWPJZ,79
IVBITK,91
FRWXFB,4
QAKXYE,78
KGMGXZ,83
HJOHOL,55
LTBERO,28
BZMVSN,31
POJTVL,43
ANAILR,27
PKUFEC,82
GCXAUT,0
TCPSKL,30
TWGSTE,39
AVWUCX,15
KWORBO,43
UNGRPB,15
RDEWRZ,16
EPVJUL,34
HOPSKX,63
RDJWCR,19
DKJIUE,14
DZRDWL,17
PZLGQP,26
JHXOOP,3
UTUKUN,48
CPGNBW,89
ZAXYCE,25
VYPVHO,48
FZUBGD,51
NLPNXO,5
FJOZLF,34
OHNYEU,41
ZTQXOR,66
RRRNQI,94
GIXOGI,33
WGGPGH,97
PHESDP,1
YZQXGQ,74
GTESBE,48
OWHFJK,6
DYSUIP,31
SUCXNT,96
TLLEPE,2
RAEXWE,53
AKGTOZ,62
SFRNMS,72
HZPZAE,67
YAQYTT,66
MAKNXD,20
BYNGRL,77
BMDRML,43
UPVQGE,58
LQTRLV,57
HSADKA,97
EBMOAQ,13
ENUGWR,97
AKYOON,19
LOFKTJ,5
UBFKIW,81
DOZMKR,20
FYCYGL,47
PUDCEO,28
JZXOHB,85
AUFLLE,17
MVKJOB,81
TDRDEW,9
EWXMXH,69
HQFHRA,93
YHSZKR,97
IXPSWO,78
YLAAZH,29
CUHNPI,10
RBTWUF,87
ECKRLZ,92
QTWDTN,41
EEYAZI,71
DJZRUR,46
JKPLYL,43
FNMGUZ,29
PGJHMT,67
FVNZOZ,55
PODXQN,14
MDFFCS,48
UGZFUX,16
KHWTBG,64
AZHERA,60
LPWGBG,5
IRDEYW,42
SDZSRR,1
MSGCAY,56
ULNVTN,80
NWFMVO,73
XTXYRA,30
HBBPBL,39
GZQCZQ,11
AVINFL,19
RDYOYG,47
LANGXM,62
KNEKLG,64
PCJOYT,40
ZLBFXL,25
HSAZRZ,77
JHIUHB,31
DGYTOF,89
GGGFSP,32
WRCMHG,17
WUOMUG,68
TNTXFJ,18
XLKILS,4
JBYIPN,30
AOMZEI,24
DMZVUB,94
FMEKEC,34
WBYEWC,77
ZZBLXG,5
CZDUWS,56
BKJBBM,13
MLPKQH,31
KYAOYF,74
UMMYFC,56
YFDBPY,18
KFJWOZ,57
KLBQCS,36
HLYPQU,1
DXQVCQ,25
LSZIOF,3
GTKBEY,60
FTUCBT,23
ALBNHC,53
VLBDMX,30
DCVLKB,27
ONPJGR,61
STYDXF,64
XMVSHI,48
RLWTOE,48
JARTDZ,22
CMEAZI,92
YXVKNM,33
EHVNJF,45
IELIFR,52
WWJTLX,32
IAEEOW,25
IOYIDX,9
KNKHXS,73
VDRSXN,30
GRPXDA,42
OSTREQ,49
YYBVWA,64
DDUYMJ,18
DSLTFN,0
DOSWDB,27
ZQJABJ,81
SSTTHR,0
APZEZH,20
PTFNBW,30
EHOUOH,17
VJGSRX,37
HNYFZJ,47
HHPWIO,30
XLIWTZ,64
GTSFQI,100
PMWKQZ,87
TSYIKX,24
AYUZNZ,54
RAWXKW,19
GPYKZX,51
DPJYUN,90
KPLAXP,50
PUBSNX,100
UNEKHL,26
YYHHIT,69
IBSWRT,9
QALEPP,89
KDAPUR,39
JGOMAJ,5
ABGEPO,31
KAJEHG,66
RKBHUJ,40
ZIDEOF,16
NXBTOD,90
YNWKZQ,14
FCMDEP,50
EZHGVJ,26
KKRFBU,11
TEMRPX,24
UJPAHK,33
LESNTE,87
TQEFNS,80
FKFEUY,29
OIUMUZ,90
MXBOKG,12
LRTFNH,68
FLCNBG,77
BDKMRK,42
JLDUTD,60
ZMYJYI,42
LGIAOY,31
ZVWKFP,76
IRCBIG,12
HJLKGK,50
VKUSGD,15
MHWPSW,58
SJDSBD,56
QPYVOX,23
QDFQFK,73
MWOPZV,93
MHGWIW,57
TIDALO,61
SBUTCF,77
BBIQWB,71
MXZRKX,2
HUUQXY,18
QSKLSX,77
PLOBMA,6
HIBKOU,54
KMRRET,30
CKWWFY,41
RKVDFE,66
LCIOUU,31
GSGSAF,90
QXRNNH,44
IAORGL,74
OOQAFJ,92
LOTQWY,14
FKENII,5
JKLXHB,44
ICFIOM,37
CRPPGW,69
LULMEX,96
EXJKUE,91
CZGQDU,97
JNJLNU,27
NYAVGP,53
QGYINW,1
MHKUAD,60
VXCGGF,18
BYFVIG,46
KSVWWN,62
DIRUTK,96
ZSROFK,77
PTRSQQ,20
KEHGGZ,39
JBGBZC,3
PMFRUK,89
KRVILN,6
FTIPRH,45
TRUAAS,74
XDTPII,38
FPBLDS,87
LYVLZH,80
CPUEKW,16
JJXZUR,88
USUMOA,56
BHYLCV,47
QDKJXB,45
TGMUSA,48
FFSTBH,94
PJDEWR,30
WMKAHR,49
MDAREI,85
JXSBBD,66
UUZAKA,31
MKMFGF,79
RVOFDI,94
LCNUQG,0
XXDSRK,21
OVEHPI,46
HALPVP,1
QMEDYG,77
WYLGMH,14
OUQXHW,0
EUZITK,28
SRIFIS,98
IDDWCV,29
UYRHUZ,91
ILQKBX,60
DUOPRF,42
BAGAZW,14
KJDSHM,76
HQKZQW,25
WVQUXH,7
RTCUAZ,90
TYLIPI,98
STGUZY,6
KIKZTW,33
XXLCDX,17
WVRMMJ,59
CZMEWG,97
YXMAGH,40
ICXPFJ,100
SFHDJA,22
EQMVXS,37
IOIAPS,95
ZCTPEW,76
KBIDEN,29
UQULKV,44
CPCXZN,69
VRSRUS,40
HPISJA,16
WEAHSZ,97
ZUOZNU,66
QZGBPR,39
INOFOB,45
WFBINW,95
IXRRHN,66
LZMOMU,97
UZBKCL,57
HGJKRO,37
JSEKIM,89
BCBSCN,95
OPXILH,93
TFKIMR,30
LYUWUU,9
IHHUPS,35
SWARLA,8
FQOPHO,77
EZKHXX,0
QTKQEH,79
BRQBTX,10
WUVHKC,42
BWMRSP,37
QLJSFZ,64
DWJOQY,18
OONAFS,84
XLPAFT,28
KFBDTF,34
HOUMSD,3
YFRPNX,37
UBOELD,4
XDIYMW,41
QNNHFE,100
KKDFFP,12
HMLYSV,6
GJCLGL,81
VYZYWP,37
CJZUAV,99
GUOSGS,64
VABHGZ,89
HMLTGX,63
EVOEFM,11
YXWWCR,6
GYMLHX,35
UCHJXH,63
DHJZFA,45
ATLGNU,66
RCYRLN,53
HDSMFR,65
GHOBPS,43
JQSCNZ,11
JRVXVL,92
FNNEYE,69
SYGURW,78
CCCWTW,58
NNCKPI,15
QHDLSG,35
GNNJLG,76
ZXZXDN,72
IJJXEP,90
PRKDLX,9
AUHEWI,4
HZIVTQ,18
DAQIMC,24
FTZUOY,23
ZYFOKH,56
VHJZGD,23
FLTANK,97
YPORHB,87
XZDPIA,85
NMTDIK,61
EXEIVQ,44
GWYRGG,36
QNOCIP,46
PZVRJU,78
BFYZLE,36
MMWYAM,70
VKHFZE,84
KGIRWY,46
DNIFXU,41
RYVQQW,8
DLBPXB,25
KZKRAP,50
NPUDSS,35
PTLQXV,69
HREWRQ,96
LAXHYG,64
MJFPTE,29
BJNSTG,62
NCJOGF,6
SCCKUN,86
JWYNWX,83
OJOILC,30
XJBACN,80
KTZYXL,70
VIFWSG,16
JURIZA,19
YXUAIH,61
MRWLWB,79
YLBORP,88
VYZNYL,10
IVRQCJ,20
XAOEYG,93
ZCSTUG,61
SQGCBN,79
TXBWJV,59
MEXKKI,67
WPUORU,50
UGVRYK,63
CRPZVX,77
ONADBD,15
WWFIJM,3
ISZTYV,63
QJJCEG,1
LRAGQL,45
HTLRUK,52
JUMNTM,91
XHCITP,46
XJHTXQ,55
GWNJZX,86
PTPWIJ,100
OKOBCB,3
UKVPFV,30
KKTOLI,79
YZTMJH,84
JPUBAR,82
PMLAJH,67
GNISDO,63
MWVSKG,81
VWEHPF,93
LPMGDH,13
NAILPO,73
VHMYVL,47
EIOONO,69
BCEEVL,91
SMOVYP,63
TNMINX,0
FYPLXL,98
FJFFKL,100
VEACYI,18
RRLRXI,3
KQBUIN,82
OFWSLV,33
NVIVRP,22
XCMUWC,22
WHPCCT,34
RZKSKI,42
TIJNJK,78
YFOKQT,18
ZMANHM,66
EXSQFE,27
XBCHHG,68
UJEYUP,8
ULLNII,22
TUCUVC,75
LSDWQZ,50
ZZGTFD,90
TCOVBZ,9
VKROVJ,42
OYVFGR,45
QVTFGE,32
HUXMVS,6
HKKGTK,29
ANVMNL,75
WZTHQQ,44
MKROUZ,34
LKEPYL,79
XGPBRB,77
MTDGBW,47
FJISDE,62
KCEXQG,9
JKLJFK,32
HSNWSX,59
YYLSRC,29
NPOJPX,28
MZIHWE,38
MDSYXJ,37
NBBTXR,75
NDYEIV,76
ZJUFUN,72
ZGAZXY,92
NDAVUK,56
EZHKZB,80
OYHJOX,4
PDGXQE,81
FLEVUY,79
QAIYQX,7
QPSQNZ,48
POIIJT,60
WMVINH,97
OPYFSH,8
JTQIHU,44
NTVBMZ,87
LQRLMO,40
TDIXSP,30
KMTZVO,49
QEFTWO,20
BCSWIA,28
QPMRTJ,32
YOKSJU,54
YPPEXN,56
WAJCZJ,99
VNAAPO,93
FSTDWF,2
PPZRKE,72
NXNWVV,60
AEVJZX,72
OBUVTC,93
BOLCOP,2
EBQBMH,92
IONAOB,24
CMJEUF,78
JYZUYH,84
XCWSME,18
LOUBGE,40
HGWRIR,93
UZEULM,8
TMTXAA,7
SXRXJK,77
ESSEXW,28
QKYWLE,29
TYXKWF,45
TNKSZU,5
SIOWIX,84
QNNHCT,59
LPCPOE,59
HMQUUP,31
VZSFJG,26
XWDDLG,98
IRJYXJ,9
FMTOZX,0
NKNBJC,73
LUCAXB,2
LTVZMK,10
GPVOVW,99
BBQPUW,74
MDZAPV,71
WSJNMX,7
KMEASG,68
OALUFM,65
IRILKG,58
OLIUOM,98
MUURVN,22
WBVRSA,54
PQKDUG,41
FMHCIA,44
NLYVRY,88
WVNQAM,11
OBVUWE,44
WZWOUF,36
WULNOG,59
NFGVYI,58
EBMUAV,22
ATVMQU,36
BDWNEZ,91
YGDDXS,60
PBBPSW,99
OQLSWI,7
DERLHE,81
FNZTWD,27
QXXEGQ,57
OWAXWP,11
KJIWZH,43
IKMWGM,28
QFXPTE,52
UDNQLF,87
WTQTPO,28
XOPFXC,13
QKQJLP,24
WLKJEM,74
KHVBEM,84
UDGGIB,43
VTOPNU,55
YBPPXA,91
HAFTTP,15
YQQIJV,51
EBWJGR,1
POJJNX,9
LSJFQZ,57
WGDOCO,7
BQBIOQ,33
FWRVFS,39
AXNSUM,84
KDYUYY,84
JEPUQV,86
HBFVCT,4
EGUCZJ,70
XXFWIB,62
HOHAQA,36
DSDNQF,96
MFYQUY,1
GIVBYV,31
XRPLRC,59
COEFLB,31
ARLPRJ,64
NGKXNV,9
PGZHFI,76
CNQAMZ,5
YYMLJL,2
WQPRTU,19
BGFWZD,44
IVNOUT,87
BLMEQN,3
DCCFBM,98
VSMLHW,96
KBWRKJ,60
YSPCXA,92
LUUBHQ,79
KIHHDN,26
VKZCJY,72
DUCPUF,78
XPMAYV,5
ZAMUUJ,2
DFGXLB,82
VBYCWI,39
PPQANI,68
VYWPIO,64
TEMMMT,24
FHGVIX,100
HKOBKU,89
MQPYLD,30
SPTUCM,16
ZHZVDL,91
KITIIS,24
BRNMYV,93
NTBHYX,80
QWSVIZ,64
UUCACT,64
NOYCTE,56
RVPNFC,54
NUNILH,93
LDVJBN,18
ZMGOLA,22
WFRZEX,97
BFHJLZ,99
PFVYAU,78
NHYFVY,48
ZSWFJH,52
RAJKEI,88
YZQPZN,7
DUEEAB,74
ILPUIR,79
VUFZVO,69
FOTAOO,42
ZESZZB,78
PBLEQB,75
KTUVNI,42
ODWHZN,95
IVGWWR,21
MPGZTZ,19
KKSZOD,74
YXCOEA,66
KVINRA,72
ZKXIXU,20
SIPOUP,46
ZVOZOM,50
XQOXOL,57
TYCLIC,2
GCMFHO,98
CJDDZW,93
DGAFJK,56
YEDTZK,10
UIOGRM,42
JRSBAR,53
ZPAYZM,34
VUPEUL,30
KEIEEK,87
TABGQD,77
OQJXJQ,92
XETFNY,59
FTJXES,100
NBMYIL,64
OPYAAA,57
SMTPAX,69
LMFUQB,73
UFZNYZ,37
ZLCJEH,91
WHBUUT,33
TLJXDU,61
LFOURD,33
VEXBOT,23
OADPEI,51
UUJJQY,25
IQIYND,9
WCIXCF,59
ILDIFJ,15
HFNGXN,16
FEUEMP,31
ZUFCKZ,5
FYBLTJ,35
HCIZZH,85
CYSDFD,24
PKDNCD,51
XBYSRH,67
SDVPBN,71
RZWETP,74
FVOQOZ,1
RBFMPL,72
FSXINW,70
IUQIDZ,81
JPKBUW,81
TGNFCC,60
TNJKYP,15
JABBPR,15
AEEAGK,94
SBXELF,73
AJUFRK,92
YXMQHF,32
QWNDTW,41
QFQCUX,72
UWUCCM,17
EWSZWQ,49
LLJAGJ,71
SJEETE,30
PCNOIB,83
DYHRPC,43
QXMXEG,62
OXYRUK,50
ASFMEA,41
ODKKBR,83
OHGNGO,96
VQFQOM,83
PQBWDN,80
EZZHVN,7
QCANYN,74
NGDHQN,9
JYJVVY,96
TXLFQH,56
VMNFBC,73
JSNFGB,98
HHWWPQ,21
OERSQZ,23
WMAADF,77
HMVVXO,3
OTHBPM,59
ZSQNAC,87
VTLUVI,96
TNSKFC,7
LAKWAZ,92
LXZHGI,24
ESJASZ,63
VRWHHL,42
SYTQJO,42
SJVIFL,33
WVQHCA,13
PABMVW,79
VELIFQ,78
TOWEON,13
UQUNIJ,54
KBKCMO,28
KGBCQK,2
WVSFLF,79
LMIGQP,17
JGTDEN,13
AZSQGM,82
AXRDEB,59
CZDXFO,11
SOLDMR,30
ZXSMYR,10
EYTFAS,16
KDCZFI,83
BAKHVW,55
TSPGQI,9
RJKYEU,89
WXOQJY,16
KZDWEH,70
CYLUYJ,74
EWZKAT,51
DOWGKW,50
VCWXDH,5
KQCQVN,15
SKYEZH,15
REFFII,81
ZHIZHC,76
KFJSIM,20
DOQILA,61
IRPPUP,80
UVCEPV,94
KTHHKM,86
BDTLKH,89
GAXZZY,94
VOIHWW,69
EGGOBH,59
WUCQZH,94
EGGEBE,80
TSPCLZ,14
PEWAOH,65
VKMYZD,55
HPHMOZ,43
SQSZJZ,80
SKTHGM,33
SAEWWF,45
HJAXSU,79
CAOVST,63
NOVBSN,84
WCFCKB,92
DXIMEP,33
TUWXAN,10
NVFOIP,67
WPYTUF,60
FTZDXE,11
CELVWD,16
NZNQJR,16
IKZYPI,55
SWGRCQ,48
TIGYYL,46
BKBZDD,80
ZPFVBC,51
TLSDKI,4
UNKEDY,16
BTIXTJ,94
UMIIHC,34
SWXYZK,44
TUJTXS,35
CZWZPJ,1
GVMACH,35
NEXUWV,25
UYXRXS,73
VGFUPT,70
XFSBZZ,93
ZKESPB,93
DXXLAL,87
DPATXW,34
YLHPLB,44
DLRNLL,13
ZRRCTS,55
FIPVCN,72
RFCTIR,40
FHMDFS,54
NWWROT,76
CSIBCR,74
SLSFSO,61
CBGRMM,13
OWAPTX,33
BQXSSO,45
KMYWLA,35
OYBJCS,90
YHQBBX,18
EFQPRT,63
ARUCGR,8
ALXCYE,94
NQTSCU,59
XFQWTA,70
UVITSY,30
SPLEPD,89
DVTGHS,25
ISJUFX,2
GVFJAO,89
TUFCKR,70
EDKIPA,27
LPDGVT,74
ERKTLO,52
VFURPB,65
RAWTOD,74
WLQFSP,62
QSTTIV,91
IJRCKJ,51
EPPIWQ,72
EFOMIZ,31
ZUDLHN,46
CNVFKW,61
MUUOJZ,38
WLGBNU,43
TQJGIL,31
BIUDEW,74
TIVXCO,65
PJWVYA,27
JUEYBO,6
VGJTZU,12
MKNVKC,43
PNMRUU,85
TAVSKD,3
EIMGZW,42
WWKVTJ,85
ZCBETU,13
OYGPEL,3
WOFVLK,14
GJYAZV,11
HNOIAG,60
LLQRWZ,29
EGTXTC,26
NDBTLO,18
TNBQHO,26
RQMMCE,24
ALTJWQ,21
URPPFI,86
WXBSJR,81
KWAZSK,81
JYWTGU,2
ZWTKLN,64
JONNWA,54
MIIWSN,0
ZWUGMD,87
SVCKUZ,84
UBRHLE,84
WHZIML,3
SZEDVT,64
ZCNAHE,7
TVYAVM,13
NLXFUK,34
EQDJAT,86
MWHMNY,84
YSMFPU,8
XZSUAZ,9
BGRLPE,13
YWUFWX,77
UTGJGD,88
RKBPLV,46
YUBTAE,17
EZXOKZ,31
XPSYVB,58
WGXRQU,11
ZBMVCA,5
CRDTQV,54
KBWYUV,95
KSWCPQ,98
TTMHYT,48
HXYMDI,56
LBWQSP,42
DEGFMP,77
GLOOEP,52
JEHEOB,16
NNWOZM,4
ZNHOYV,50
BUHXPX,77
WIPNNZ,68
IIAGRC,16
VCJRKD,38
GMXFNT,23
QQMGMB,47
HLANDV,45
NLAOZA,26
HAETBO,25
FNSWMZ,27
TESPVD,96
RPCXAS,96
MGRDTS,59
WFYDQE,50
FIVMPM,83
PASYDJ,95
MAOMWF,97
BYXHXG,65
GTLWBR,17
ZNIJRD,22
MVJJVJ,14
CICFZX,3
ADADTR,77
EZTQPE,5
OFCPRU,7
KJHQWH,22
WMKDEJ,98
BHAAFB,55
OZMBYA,2
QSNKUG,48
RKZPNL,99
SLQZOP,57
EZMESF,58
EOSYRQ,37
TKEXWW,39
PHQQOW,19
HWBSMN,8
HKDKBE,7
OHBOGY,52
MLKJKC,64
TEYGMK,40
QVEVSG,72
ZNAZAC,80
UGXLIT,64
FZKOYE,77
DSBYSJ,69
WWZEHC,55
PWGDOK,64
AXZFQX,59
RIOVZG,8
JQBJTY,62
VJZHHF,7
VCBVRS,39
GVFNQM,54
PREETB,34
VTCORM,5
LHXSFU,75
ZUFABU,39
YPATNA,32
TVQQBV,38
AFUMKS,36
FLUSII,89
SSZMNH,0
OTYZZG,83
IMZJAU,8
BEUUBU,61
QZCULB,72
IKODNR,99
KMXVXX,92
DGUKNA,94
RIILLM,29
OFQJZD,89
ZGGNGD,36
VLLRVY,91
JXRZAU,63
DRVUZW,97
MOWOJD,28
KXONVV,15
OXQBEW,16
ENCXJM,6
PDMWIS,83
TMCLPN,86
MUBNIK,67
PAUCKM,15
LVZFHM,16
HQRMFZ,78
HSKZHV,24
DUFASG,12
CKRYLZ,94
WVZDNR,94
MFDJGZ,99
XPLMGB,87
OLPMTH,42
TDVHPV,86
NCNYJC,43
CLKIWM,93
UAZBIA,81
HBPJEQ,62
DVUSLB,58
EWZXUE,23
YIZTED,91
PWZIWT,82
INJNUN,7
WHQKSE,35
VKUJUY,73
WLCIMK,66
TBTEXA,49
ZKMMJH,20
VDLLCR,35
TLHATT,91
HHTIAR,29
BHNGDA,52
XXMAKD,5
ZINFUV,73
NSYRYK,99
VVUUOM,93
ZCHCTI,54
ZXEGWH,36
TOSXAQ,15
XOAXDZ,71
XAGSAP,94
ZOECSX,51
BCRNGH,54
EKTRDM,83
VRMOBC,49
XFXNRM,80
SKLIVL,52
AVGIRI,44
RSCUVF,99
YSSPTG,47
YESCPY,100
LDTUPF,41
KFIVOX,59
ERAGAY,91
UOFDYJ,25
BXHVCE,56
MKDIOX,20
NIGDPD,1
GFFPQP,60
FGDEWY,78
ZIQGEZ,32
PIOAWN,13
UXTZSO,87
QBKVGW,3
ZAVAFN,73
KVWZYC,94
SNQIKV,71
VVBCTL,6
WQWLCL,6
CULJMW,41
LQFPSZ,19
DLDHAR,26
VJHMSX,5
AJCGRN,30
AQMBXG,38
PGRTHJ,72
KYPJSX,84
YVTUGT,71
MVJYQY,40
MEPDQR,71
BCUHYD,25
ATJQEK,44
TTQLQA,27
EOXVRF,53
KCVCUX,58
BIJAAF,13
PLKZPS,13
ZRRHQM,37
LPVULI,64
CCRZNU,54
CGMURR,88
ANEGIC,70
UJLWCP,22
UZCTKH,4
FBKIRB,62
VGAVIS,81
UFJRJC,14
RUTQSF,33
FOOOOQ,43
LHVEEE,94
CUSATK,21
MRWUYW,96
QOWSFJ,43
BSYJSW,19
CDBLUF,98
GRYRMV,80
QLXMZH,48
HKSHAY,22
XURBFS,80
BYCYHR,2
YVLNZX,48
MUKFHU,58
UHUIUO,79
ODYEDM,21
SRMFCQ,65
QUBYXB,92
NPSLAX,83
ULQRTG,42
GILDGL,91
LTUIMS,24
XXRWHX,85
NQZAYE,74
JPRZIU,7
ZDESOY,51
TCQWVI,73
VSVCVP,51
MYJRFO,21
GFNUYJ,25
BQTUXQ,69
FNWSIB,89
XEWBRP,98
QHVQDQ,18
ATPWOL,61
EQNNRA,40
TWMMFF,69
YQBGSA,76
GGCURY,91
IQIXSV,78
EHJLNB,50
MHCJDA,16
OLDXXF,75
IPCGKB,0
NYUOBD,84
OEYOOI,92
RDQZFF,20
TFNQQE,24
SJDPCH,10
KZSTTR,5
YPJYVO,90
HMLLUI,34
HVQDIM,41
GPNZHY,85
HQVDSO,46
SIMZIH,87
ASWPKL,41
ELEDPP,19
XSXEJK,5
FJHRMN,96
YHEZTV,45
JKRABN,52
LNVLJR,21
BCDUGG,72
HNHTFN,26
OXRROE,98
JHUFXA,43
SVNJFY,94
JBKRXV,79
XOGDHV,36
HBYYOS,29
RHCJIG,60
YTCOVZ,12
HGZPAP,94
PVUCHD,77
XTLXVA,50
ZAEXXY,81
FJZZOM,71
MXKYWA,75
PWEACZ,80
AJVXCZ,49
TVFAED,1
EXIHFG,3
XKULTD,25
OPAPRN,37
DNKLXK,28
IHORER,78
PYIRCT,4
RSIZPD,5
YDGCFR,70
NPNMUC,8
JBLCEL,76
IHDSUV,43
UACHQM,5
VUSYTS,72
XDMHTQ,26
WFZJLH,64
SAWSRU,41
LGWTQT,26
JBIHWB,0
GDTUFF,79
WEKFAQ,88
PVJIJR,32
WSRDED,100
XLLZBN,13
OJEFFB,81
OHJKPQ,94
FSOVNK,14
KRURKR,86
OWNRJH,26
RQFEPM,93
VTTCXZ,86
IMVXBL,58
UDGQDV,58
QFQHQE,89
IOIVMR,39
PMBPPZ,28
BMFSGC,100
GACVRU,42
ZWBEZK,33
GGZVBF,92
ORSTZD,78
LAZEGY,70
FSEORB,37
YYFGPW,44
CRIJNX,23
ISPKOX,23
AZUKUH,77
MHAXGU,53
XGVRZX,77
TRKUWK,21
KCWMHU,87
QCHMJX,53
UPYEHE,19
BRFRPI,2
TDZEAH,98
ZHGGKX,54
QOCOKW,72
EKZHCN,22
TPITGH,81
IYNDYM,66
DSURGR,7
CIUOLP,95
CZKVYE,17
VOBPIK,58
MGUCSR,74
PJIDMY,52
ZZTZYS,47
YMIGIQ,33
KJWMOM,98
BMBAZS,86
ATPZUM,1
DGEYUR,53
CUMWWC,41
CGMNWX,51
VETSME,42
MKZNVR,89
BEJMLU,11
FTBWEI,40
KGKOOU,53
TCIFUH,7
XPPEMG,27
RUBWCM,68
JSFBJJ,36
WJRVIQ,47
QSKEJW,14
DHYZNM,10
YAXDEB,1
FCTUGT,95
RXIVQK,96
ADFIQT,100
RYSONN,18
TYZTUX,65
HLQWPJ,73
MBFLNM,22
PUYRLF,85
KMIMQD,50
FQISBV,46
QUUHUL,13
HNUAZG,69
TRHZKJ,45
RTOCJC,70
WWXASU,33
JPEFKQ,85
LDSCSW,72
WBETIT,100
RPQDBI,45
YDYKXT,99
QUHAEC,64
DGKBIN,37
GBXHCI,72
XTERVF,23
XWKCQF,70
FKPCFL,31
MSLBXE,90
JXXERH,87
GNBRLE,78
CJYXLS,24
PESYXA,0
BWGHQN,93
RYBDSB,60
IHZYBT,44
IRGDNZ,85
TJTZBK,20
DPPHMR,14
VMHFGY,53
TNABVU,100
EEMLZK,0
WGFQPG,55
BFWPHG,0
HWLYAO,11
SMZBIH,91
CQOQIS,27
DIADAL,37
OOOCSE,35
DIDBOY,24
CKBQFK,50
YMCGMJ,80
QRBEQG,73
QQUFWS,56
NLKNSY,92
YQZFHZ,44
GZWLSY,31
PPIEYI,7
EBEHAZ,84
XYBJDT,31
ZYKIXL,93
OGVHQT,32
XWVAKD,48
IQWDYE,90
IIHGAT,65
BEWDXF,60
ANBVVY,50
IFGNZJ,69
ETEKIA,45
UCPEHQ,41
SWKXRO,57
JZQTYR,64
RJEOPL,56
SXZFGK,82
HBYSAX,23
KCYERI,62
EVOSAD,6
JUVKUN,85
VITGFX,17
GIWALW,16
UIVEQF,38
UINHYV,52
WCEQMJ,92
AOFSEH,31
KVRVIT,42
HLFLNI,11
VFLVMC,12
WMXWJP,97
JBYZYR,57
JTHPGL,84
CRPJZZ,62
EVTBTT,81
QDMXLL,19
QNBUPB,70
MPXAUF,0
ULDAON,62
NEKMZL,51
AIKLUP,31
ABDCJC,74
VLPQNC,69
LYMYDV,29
DEJSMH,36
KHRXES,27
QIXNYX,46
UHGBPJ,5
AYRDJD,21
IORSJP,76
XBQWOM,24
CIRCCW,63
EJPPPC,76
OGHIVA,84
NDXTKN,33
KUIZIG,14
LWUNCI,27
PRLKLO,11
LLMYLX,7
DVOYAS,48
ZEILEJ,79
HUKKBG,24
ZXOABH,40
WYJZMS,40
CJZHFM,27
HKXTEW,71
DECOAP,59
OOYFMT,96
TGTNZX,73
MCMGLU,52
AURZOS,63
OIKIAR,50
XMFVHF,67
MBZEMK,92
KXBNCI,77
MWKTKT,94
BREONW,27
HMLLUJ,10
KMVWXA,17
UJGCVL,23
YLLADC,54
SSUUXN,40
AKZLWO,63
FBGWCM,9
IOTERK,45
VFCNRL,70
QLVABW,67
QSHAPS,41
FDLMGR,56
SKMRHG,78
QFVHKT,55
PYYYJY,39
BTFAXG,13
SLXLXN,72
WBHPXQ,87
UZHSHS,33
BVCKZS,87
POCBZE,18
GTOXGB,17
VMZHWW,41
WLUMVJ,55
LGUVDH,10
SDDBRQ,35
SKZEHH,47
MTVHXD,44
UGQHUB,47
TGJCPC,39
XQNRHG,59
TPMUKT,24
DRHTSE,23
ZZEMOR,64
PUJTRK,40
WGGPKY,100
ONLELZ,50
PRQOAE,52
JRFCXT,47
DBZZNQ,72
QGFKKE,69
PXOIXB,67
TIRBJH,13
NJZQSY,16
AQGSZA,41
MJSHFN,47
ENTJHC,50
FSWPDF,87
IECHQJ,93
OACKUK,79
RKZWEK,60
GXHMND,75
PLYWAC,73
IQMCBK,49
DIUDXR,77
ADALIP,14
FPJBUD,46
PQCYVW,72
GBXUJN,90
KTFQZO,56
VNEGGJ,89
XAMNVF,80
IXNOZH,81
VTSVAY,58
RILYEU,12
TYVBXP,57
TVLSDV,10
QMSZJL,16
FFMVYX,32
PCVPUA,80
WYPKYH,74
FPBVYO,83
OSXYSX,53
LYTAWM,98
OHXPZT,81
UZYVHH,32
YGUWCV,9
VOOSQT,87
ZHNWWL,5
KOZKZJ,88
CMBKJH,39
CPRIPC,80
QATHQY,83
TUJLHI,7
VJFDOH,58
LSRXZF,87
EULQWI,84
RQLWST,6
WMPTZU,26
XMAKUE,44
OBRTEZ,16
ERTNUR,8
LVGEAX,94
BUOPVY,11
GLSIWF,82
XQPMXM,54
BTNMAL,23
SZPEHI,87
UUTDII,78
EFMOJK,49
IGPVIC,33
LTSPJH,43
DZIQWP,42
IXZNGV,28
HLSLHS,27
LTPVRO,51
RIHVIQ,15
HWLYMM,38
WPKMGX,100
HKHFPV,93
SWBFHV,53
PKXQIV,42
ATLPQV,81
FXNXXR,42
UABWMB,17
ZIXLFU,34
ICDLDR,27
ZHUVCQ,67
PMOUMD,83
YIKCSY,65
XASHTH,17
HVVPCJ,50
VHWQNF,65
HEHIRV,29
UJJHWZ,44
PUJXEF,33
LWXCRB,100
AIKENH,99
MJCZTK,42
MICUDW,50
LTQALP,33
VYICZE,88
OFNNLL,58
EKEFEG,51
AZAEPH,80
MKWRAO,4
CEVGFF,3
VOFILI,17
CAHRPA,57
AJYTYA,69
ZGSLKO,39
ZLHAIC,54
GXDRPH,82
GEIOUI,44
GNCAGT,94
AESMBU,58
BOXAYA,21
HPJQWP,35
GKVVNE,15
SJZUKB,32
ZXIDRK,32
IEYFNW,64
PWHBNU,5
WAKFUS,29
YMZMVM,41
IYJWTA,80
PWHJWP,13
PTWAEL,27
JJBWSZ,53
OWSAUC,15
NUJXOU,70
AJWGUE,48
RCMXNW,12
MBVQAD,56
KVKOEJ,12
IMYIIG,25
PBQISM,39
CXWHNG,21
LVJHBH,67
MKDWVP,83
VEKTTY,94
VPHAZI,41
IYZOXU,95
GETPPV,66
YDQQNJ,66
OMDQDK,68
EVCFYA,37
GRUSQY,19
CTIVXJ,80
FFWEDH,32
XNTRGY,20
DMQXYD,11
PMRYKV,27
OZZDZY,88
JJRGCH,38
FUJLGK,76
VKRBYF,34
OBENNN,22
MLQCGA,94
UCIRDP,62
QYOWUM,8
XWPFHL,86
HRLUTP,89
LJQKNO,94
KYVYNL,34
JESBNT,63
IPUNIY,66
UFDEVR,1
COCEGJ,57
DPODKJ,60
ZXXKJJ,98
LZRNDW,86
OMGNBX,40
QAAIAJ,27
CRQOXA,60
DTPOCB,31
NUPLYN,13
PCCLPA,18
IDQPVH,65
BGAZBD,60
PARDVG,98
CEUKUQ,82
WZWBTK,15
CMQYNU,59
DQRPKA,34
YYCNOR,73
GXFVEJ,80
HDSCVM,62
MQCWUU,63
BSEBEO,45
VZHSEV,38
CIHEKK,39
FETFGQ,39
KSTPLJ,13
WXENNX,30
ZLWSQH,37
MPVYOR,63
FPBCDV,13
PZTUPP,100
GBESOK,25
HVODAX,49
LGWNWY,63
MABEZB,93
VEHTMA,68
BXKEVN,87
CLYUHA,74
BJSBCM,48
QFZUIW,48
YHIBLQ,53
DLVOEA,86
IWBXHI,73
IGNOVJ,62
LREAPT,81
JSAWVR,83
ZELBUI,23
QQYLOX,18
FOFQHR,34
PSHWOJ,82
DRGPQO,62
LEVHKI,59
OLRTFY,58
FUERNY,33
SXZBCZ,33
DYPDNB,22
GBOYPJ,36
AHVYMI,34
HQXJWV,91
GSEGZQ,89
YXPFKA,81
PGGBTT,21
LLDZJB,92
HBSHDD,4
KVCNKL,64
UDHGGK,12
KYLJBV,11
MVMYRS,88
QSKIFC,43
WCXWMJ,10
CFKPKY,66
YXMZAQ,71
IVSCIN,47
GNJLYK,4
IWJJFV,52
TNDRLM,36
YMEEWA,40
EQFXUK,87
GPMOFU,68
KUBNII,44
JYQGYQ,80
ZLFRYP,71
QZQNLX,100
ACTFBK,71
TMMKWO,86
IYVLFA,39
UBPPBU,63
QJBFNE,29
OFVPON,70
GCWYWV,22
ZMMAAZ,60
BIKVXJ,59
FMWVYD,88
FZKBRA,79
RFSDKM,42
JDXPPU,1
BHWUKM,57
FVUBCP,100
APYCRS,25
QXFFLS,72
ZBOQVH,24
ZEWZKD,33
HZXBCP,79
IIWHOS,13
VQZJTL,36
ARMJYL,65
ONWCPT,21
SVXHXP,0
YZDLRW,51
SAQLDC,7
WYPYMK,51
PEUKNC,47
JOFRDF,25
ATDILK,83
XXLLMH,81
MPAZZB,55
EKJGRC,15
MCJYCD,67
FPIMRX,20
HPCTIX,14
JZUNZV,70
AXSWLV,33
LZDBPF,29
ETWGED,45
DDJBMR,61
LJSCTO,95
IGGMFJ,69
GWXZKZ,87
NQBJWD,94
TTHZAR,35
MBDWBW,8
LHJFZA,44
XENQXL,1
YQFJVI,72
LULXDA,42
LHNXRI,99
NVOLQR,16
WZJITS,79
QCFTNY,31
QUQMTO,46
YAWOXB,9
PRVFRY,86
NMATBV,27
CAOICO,57
HFNOVO,67
LQKXYB,78
KEOHJJ,13
OVGLLX,84
WDDKUA,54
ABDOWQ,66
INQRXU,53
JBGWPK,50
ZERIOY,53
XIWKJF,42
EKWASM,11
POLBGP,67
RGJLSI,14
CTBVHK,61
LRUQVE,46
IKTKGJ,76
HSXNMR,67
XAXTOW,51
HFYNFN,90
HBADGK,18
NRTGJZ,35
GGCHPF,61
NPOYQT,71
ULVFUB,8
VLOEFI,35
NYMEWU,9
RESYGV,71
KLPNQD,51
JRYRWP,21
HMPXYP,22
BYZGCL,80
ZLGLVS,55
DFIWQS,43
PQGSFX,100
TUPKAC,86
HDQDZJ,74
FOEGRG,80
LYTZMO,85
JCPYUX,90
YALHEM,47
KWQEAF,15
TVUYPR,4
LWRIQS,94
UIXIYF,79
ZJXAMY,98
NFLRER,25
HDXEJS,43
CPFMHS,73
OPKLWD,8
SZDCCC,3
CESKPW,11
VJEYMD,70
CAOQIG,42
GQAIPS,31
OHJTUT,66
ZXSYSN,22
VWQJLA,11
YETJNM,28
QJWXAZ,60
RUBBAA,26
YXCVSI,2
FOXNNV,79
YJNMFT,3
QISHJL,65
QAWRNA,100
XQTZMK,61
CKRLQH,18
CVKNXD,15
CMNDMA,7
AGPTNW,30
GEWMKA,42
BVKXLV,73
AALWAI,67
YIHUTD,32
USOAMM,60
ETUAXC,38
QBRVSU,66
DGQCLH,8
GILEYI,47
GDRFZL,75
MDKJMW,86
JTFKTH,62
ASHRUB,40
LYQQUA,86
WXKLXY,81
TAMIQS,95
NXSXDG,39
PXRJOJ,19
HTTSVA,62
DJEYLG,50
TKUVJL,95
JTAFSX,85
FZTIBA,54
WZYMIH,7
GRXIWJ,2
TIXYQW,58
RHDABQ,55
AJMNYN,64
PGZLLV,90
GPHFLQ,91
VSEIKZ,33
ZJCVUM,95
EPYAVS,100
QJHGML,42
AAOILJ,98
PSGGQW,34
LHRJHR,11
LEDOVC,75
KOTWXX,94
GLKMHA,21
UDNEFR,39
TINETC,34
FOLOXT,63
JELWFN,33
MYEZQG,40
NUVPAF,69
WMUAOK,6
ITSVFK,43
PHJLVN,22
DAUFYD,53
CCPAUO,31
HLOAVC,100
XBIYCR,59
TWRNNX,99
BDFJXU,61
JATWAW,35
YYZSBB,22
WGMYKX,89
PMVLCB,75
HEHBEM,78
HIEZAQ,21
LQIWKO,41
UWALAV,58
JRPZUH,40
AZQUGE,55
ACEILS,0
QTCUIC,100
ACCZCM,36
XSJBWA,36
WJACGD,55
AZUGBM,37
GHFCXT,19
FLBQYY,86
JXIBPX,62
HYUKCU,66
HBQSLH,10
NAZBIV,31
XQLEZW,21
CVYJZG,93
OGBYQO,8
OFRMDD,68
JUVEZO,55
ZJCRPS,57
IOEBNZ,47
CDABIF,34
NWYLFR,72
ZOQGSG,50
EZWNGO,57
RNUKUX,50
WOELCQ,21
ZPTJYQ,72
TSEENU,20
HDGYBO,0
LKJITJ,4
AHSKBH,23
WULRND,60
WZXNKQ,21
YRUQTZ,18
HTUIHU,10
SWQSYR,72
MZMNCP,9
MKBRRO,21
EYQJFF,85
DXHXGZ,62
PQOHVI,61
WQFLHT,37
HULVDH,28
YCFJMF,20
RWAROO,2
NLOYQL,5
SAHLKL,63
ASOWJQ,84
HNMYCX,62
VEXZYW,68
WXOTKS,25
KTEANM,20
IFRBNM,31
PQABBW,49
QDNDHZ,99
ZJVRWQ,24
CPLYCD,32
PCGUPM,18
YEQCFL,17
WJEJSP,16
NNYMLN,56
BAYQWJ,31
TWOQBH,18
FQVKNI,60
SAVEHO,99
IGRAXH,42
CEGXLS,79
UNGRWN,58
QXNMUQ,75
SCIMKY,12
UPXTUF,88
GNKDSA,37
GQEGYU,90
WHPHMX,25
RAMEZV,15
XMZBFM,5
FPZVEN,65
AQHASO,70
SQVMDI,99
OJWBHC,33
RKDQLV,92
QBTKVR,39
NCJUYD,10
KVCYZA,89
EJJFZT,4
LLZUBN,72
UTHCCC,17
KUDZAD,6
DFIZDP,100
GHRFXM,85
FAJJJH,88
IWJVOF,54
KBOECX,41
BYYABP,16
GHOFBZ,65
KYIRFF,46
AHXOLM,100
HXWKRQ,93
XCKRSO,61
XJYDGU,60
EZYKVN,16
SUENMV,34
FUDIFC,33
FXFMWB,49
NRZBKH,4
OJTOQP,44
BFURIL,53
RNBTWM,21
QBWZFR,56
ZVATBK,38
EOGOZY,84
TVLLMK,60
LUWAAX,76
XAZLSN,19
OXXAFY,35
PMNZDN,50
LZZOZD,23
WEDVYT,8
ZZDKSV,42
QSHDBV,45
ACYRPG,55
JEURMS,63
PKNUOI,88
QMXKHD,38
VMCSMW,63
PWMWXH,5
VUVWVZ,71
PJBFTB,43
EZIRNH,48
MYFECL,26
KUTKFD,90
NGGBHR,59
YULXJJ,18
EIXOXP,94
FUIJUB,88
NDPMGQ,43
NOULBB,9
ITEMGA,67
YVGVPE,72
MTJQDO,60
DNCVQQ,1
EAOMJR,20
PBVLMK,92
CWGOKV,52
SZNRHC,29
CBDNPI,54
EHDUUT,50
XBIQZE,76
YORMGW,17
XPSKPK,1
NVAGDQ,95
SVYPLP,35
KFXNTD,70
FBDPGF,84
ZDHBHJ,81
YOCYYU,35
JIEEFT,36
QTDSKJ,67
TPTAUU,27
FYIKKM,17
HZEOJQ,13
KUXHJP,85
AJBLMA,62
IMTOEY,74
HUZOJD,73
EDFHLP,4
CIXNKW,37
RORMRL,54
OZYDEI,43
ZDKFYQ,37
OJGCQY,57
WINHJL,36
DPURLS,43
BXSAYE,77
KDYMQC,44
IEPYKD,43
PRPIJV,11
NIDXGC,93
STIEKJ,20
EEHJPE,64
HSCTPO,98
LNUDMQ,63
KBJHLS,4
ADHZPK,13
DAJQQB,34
BIGZYT,92
XHSLYG,84
QYRPNL,97
BQJLWX,60
OASYKX,97
HWCKTB,21
GVHOQG,77
WXCDPX,82
HVYMUO,28
ILZHCI,7
TDSIXR,100
DEJYPB,87
HDHBCF,30
OCVSJR,11
GVDUTC,73
CSNZTV,13
OZPZWL,46
TVBTTI,82
RESAHP,36
DPJMEE,81
PDEFNY,9
XVKPPR,89
PTAFVD,3
TDQJLE,82
LMECDR,94
DZOLQC,29
RGJUBI,38
MUJLMN,15
DBEBZS,66
QMKBLM,81
ZBNBQG,85
OWVIUG,9
LOPIFX,72
NETBEM,94
JLUHPJ,92
XVWAJK,11
ZYBRER,41
KXEAJJ,65
SDZNRL,65
GERMYD,53
YCUQFP,64
MURWGB,83
TRJLMF,52
CUBKCO,17
JYVFGY,27
CNPEHT,60
CYFHZH,20
TDHKZM,17
AQENOD,3
EFDJTW,80
ZQBYDM,46
BZWAUR,33
IZSTSW,16
NTYPBW,68
SMOKMX,74
AETQOI,90
LGYLYK,0
FDMLWL,10
GRZOAE,43
OZYFRC,37
MUXCFE,59
SPAAFI,96
LCOTOH,47
IKIBUT,40
WPFYMY,64
YGPDCG,16
EVXFWO,95
SHVLUA,21
UUAISH,29
ZQJAAL,17
QMZJEB,13
WINAYI,84
GDWHQB,25
BLNVMC,52
OQBJRL,24
FISHBP,25
JBWTFS,45
GNNJBY,47
RQPAUY,69
TMILXZ,56
BFNVFG,85
DYXZDK,6
SDEDFF,94
NXYVEY,8
AVKXJL,53
BVGZGH,4
XTAVBY,6
QPXQVG,62
PKHYGV,3
MBJCTG,49
RWVMBO,99
OILHLX,39
VNMJUH,23
OYKOZF,48
VTAXEX,82
YBWSRT,45
KQKFBV,85
IXEUQG,56
DJFJMK,18
ITNEJG,6
CNYEJW,58
NXEUOF,37
IGJTIU,92
CUAQKI,10
EVUFPY,69
OIDKVJ,8
OGEGQN,60
ZWGKEO,83
UUYOIL,39
MUSEEZ,98
VITVBC,82
BRNAHJ,60
UEWDAD,14
FXSZIK,4
ASLUTL,54
KOZOTN,40
OLXCGH,27
SPQNXI,43
TBNCJL,65
QZBXRT,61
EGGCNL,0
NSLGAW,69
BZEODO,41
PVPTJY,33
IPMYQI,69
WUBJXZ,31
IWBBOP,25
ZDNLLG,93
ELKVGY,24
YBERPD,83
IAPMTE,80
DVMNIW,33
AVDNCK,32
QSUDLA,5
RUKQSS,74
SUWINF,20
JUZSCQ,43
PWXSUQ,11
RHUCYX,96
AHIVYU,70
VIUTSZ,80
HQXUUJ,77
JIFZRY,52
AVCMGU,13
SXSGDD,94
NYZSLL,42
DTUYAU,74
LQAVQI,37
YJYFRW,2
KPMYHP,15
HMIFCU,78
GBMYUV,75
LUAWRY,13
GQQZQO,56
ZMGVLF,74
ANEGMU,19
QOKTOU,3
ANVLFY,35
QUZJWB,63
ELJDBA,52
PLQRUU,37
DTPKGJ,35
VHIBJL,26
TNGCXC,82
QPWTQK,74
HFACAU,15
CHLQCY,32
UZFYYN,10
GLYRYE,41
AHCLNN,46
MEBBSO,1
SUOYJF,88
UAQUEW,53
QBITWX,73
TRUGWC,63
XEEZBX,73
STSMJA,91
IXTKHM,21
YFJOCD,25
TOAEUJ,39
HNVMOM,15
CNAJDA,92
QICYGJ,40
AAOQAH,47
MKUSYJ,57
PFOKLT,45
YNDKAX,63
OORSFR,40
PCUCCG,66
XDVFOB,68
LKPMEY,75
HRKPSN,93
FMZRWI,90
WYUXVZ,80
JKTDWW,7
RAOZPN,50
QMTOOI,72
OADEJE,43
UZEPFS,55
UIZZCO,14
MUUKXE,16
BHOWDG,45
YRDCSN,29
WKIZQK,100
ZLMJDP,79
KTPRQW,25
HVYOXF,93
QUXOBN,28
KXUFMH,75
BRAGLJ,56
MMOVXG,87
XUSCOI,7
HWLILK,84
LJEOZK,74
UUYAWW,92
EHBFZN,49
UMDMOA,43
FGAAOJ,61
TPAQGG,43
OKTWQI,59
REFRKN,73
WQZDBZ,53
DYRTUY,34
UMAFBK,18
DJVAKJ,83
OBFBPH,55
LCOZZO,7
CALBHA,7
MDHGMX,71
CCQDKU,52
JMUOQH,68
JIAIRG,22
CHSJQH,12
MMXWGB,69
KHOXKQ,30
PJVDPE,2
ALZEMK,37
HSXJKT,97
FJYBIA,82
CPOMEN,79
ZRKDWM,24
XZRJCE,71
BKYKGQ,54
PFGKNM,77
ZUWGHP,46
RQFJMY,91
FSWZTF,84
GCPKEB,84
MIRUKM,92
TLXFJR,47
CMHPWM,100
POHMSF,90
XICLQK,33
GIMNST,30
JCQBKN,59
GWWIES,18
GPOSIA,51
USFEZL,91
ZMURAI,80
GCXURN,89
VVIYJC,100
SXSXEJ,28
ZLKEBO,17
SGUAZS,45
LEIKZW,45
APTTGI,7
LZHAST,14
WSWKHK,13
AZYGUN,17
ZUXJQE,96
LIETRK,90
BRCGFK,50
URCUVT,21
FRKLBC,45
TYAKNY,8
XOWCPR,5
UCURJU,56
KHLVGW,84
EOBFAB,0
BVNKUJ,80
USTDDH,84
AYQXNR,97
TUTDXC,8
PCIBEZ,56
IABVIO,23
XNOIMH,73
ABDHKD,3
QHZUJD,43
ZRWLDP,45
GIBPQB,93
DVASHT,11
VWFGQH,40
YNRREQ,57
XZVVPL,37
LOXVSS,37
UDZEEY,16
LLAOHS,16
ILQESE,38
PUVKWC,61
PTASDC,80
VICXAO,94
LZQCBC,90
BWYQAZ,91
ISMBMX,75
MVGZXZ,96
XWZJJP,85
DDPGDM,58
FMKDUR,35
JKVSQV,35
VJIBVD,45
JWNIHW,68
ZUFCQD,29
JFIIHR,56
WDBWPM,28
LTKCTR,13
MKXHQU,93
JGCBNA,65
LPRZMP,78
FZRYTY,94
HOEJFW,25
XCJZTE,37
TLZJQQ,78
HWKTWU,22
JNBSWF,14
CJUPBO,81
NRIDQR,5
NBKYIA,60
UFOFMB,34
ZXXSBS,49
RMCRXJ,100
AHZVIX,72
PNSSMO,33
NETRDA,49
CXBLHA,20
IKQBMK,71
CXPRNB,15
CHLHIO,32
QTGXRT,82
NKHJMO,39
MIQLBJ,43
XZYWZB,88
SAQHZQ,21
QCPMRN,72
XNJDOY,49
UVPTWN,40
YMASPV,64
WYBRJT,28
ZKABKK,86
GOCMNL,75
OACGJH,12
NSGKSS,60
INYJNW,76
VVVFTT,79
UWALTF,51
ZTNZIG,13
YQXXVR,85
NZZDMJ,44
LJWTNH,30
NZIDEB,45
SSRNVH,59
IZCNJS,100
LPQIDD,47
NPBRYR,21
RZWANV,4
AAABDW,62
TRVDEG,31
CKKTII,94
XQXGHJ,43
JQBOFS,23
NNAVJE,24
MNCUJN,72
OUWQDC,73
PGKZKX,91
XNFJBR,61
EBZZKK,88
PMGOSL,79
BYOXXL,35
ZTUZBD,81
VEGLGK,55
XCCYTB,75
TBLSOV,36
ZWHZFK,16
VJQCOG,41
LHDRRB,26
WWOQVE,60
EJIIQX,31
NLESBX,54
XOQNBG,87
STUJGZ,55
NGCIAC,18
XGBKKO,21
FHARWK,40
PMMQJZ,80
RTZATP,10
ZWCUCI,61
GTQRQT,81
ZMVPGW,2
ELRTRH,15
KYWJXO,57
CVXQUD,31
QPIEKZ,31
OPOIZG,29
NWVXMX,0
EONPVM,12
RXUNDZ,55
QIRRRX,2
QQUXQU,75
UXCNWV,79
QDJHTQ,5
VXCPLG,53
OFEPXJ,43
PYHEGT,21
AAJCJN,2
LWAZDY,26
UDWBZW,63
ZSDOJH,67
QVENIH,34
PYLUGN,32
ZAPJVV,80
NNQEVG,5
SPYTAV,58
KOEPJH,30
MMGBAC,42
LBZVRA,35
XFRTZP,48
EJRMNM,74
PMXRBZ,74
LMZZZS,77
GIBFJX,29
YELVFL,64
TPHVCE,1
TPTYFV,61
OWYUKT,27
AICFKB,5
LFNCVB,36
PZCEYU,64
OMSDJD,67
IAZJAY,1
KXVPMG,98
VSBAMD,73
GPYHVB,56
WFVZSO,45
PURTZE,17
YTKBBL,90
CULJYZ,10
XOEKPA,28
BBFLXR,60
BPUFQO,24
ATRRBP,83
YBFLHU,89
XIGYJD,21
FCCYPZ,60
LTXTVJ,18
LBFOMI,84
SXDBAD,95
VGMSRS,65
RWFPSD,100
ADFJMF,9
TWYMUY,87
LWHAFA,60
RMVRRZ,88
NJSAMS,21
RQTGOP,15
DGIYNU,94
MWXVGH,46
TACODT,12
LYYZWI,6
ATHYXY,94
YGSAIF,27
PXHFLG,86
NOOEMI,5
TIPMVB,66
ROQPIQ,54
PZCXCI,92
IGTDZL,90
TUVXWG,100
DAUBEF,17
NQWXBB,50
KPUZYM,28
XVGQPP,16
EQMDXI,33
FMSDJX,18
PZWLRZ,59
ELSYKO,30
OXNCKL,38
LYASVQ,39
MXZEBJ,87
BPILUQ,63
LNCBNV,76
XXPLGP,35
LVFUBO,51
FUIGEN,76
DNXOTV,62
RIABHA,5
GPCXMJ,41
IVPKEN,13
KFIFUF,57
SWVTMB,24
IKUABZ,59
AACTTX,55
THRYWV,74
LKYGRY,54
TQZFRS,77
NZYEYV,71
SDYGAA,38
RWYLKM,71
QETGHQ,42
UKGPPX,71
YOARMK,51
PHMNAT,22
ACLDIT,63
XPVFPI,85
XEIVNK,12
TXZHMY,38
RSXDGI,94
SAFQMY,58
CWHMTD,33
MCOFSI,13
UKSZAO,32
YWVMBM,61
FMGDXG,13
SGCOQS,33
VQIHSO,70
MPSPPC,2
JEUGIC,93
TQGHTG,92
FIBAKK,54
KSEYCS,54
GHXJRJ,37
RPLSKM,67
HOQHFI,49
RMERCZ,82
SVNHNX,23
FSOBRP,43
YCBOAZ,90
QNNVPA,93
CYEAUK,28
FRYXFY,56
QYRXWA,37
MHYLUL,79
YXADEP,48
MEPBCA,49
ATSGOO,58
ENQMMQ,44
WLCCUK,10
NMZFHI,17
UDVQHY,5
XXQECZ,81
OXFVIB,79
MRLZND,57
HJTHBG,20
EJOMHN,18
IVLYZI,52
CDSAKK,68
NJSMMK,25
SPKCBI,52
VFBPCP,96
PSLEPW,41
OQNKTW,28
UBEOYR,90
CGSFOB,99
CHMTRK,41
FQBRKY,98
THFAGE,82
GNHUEL,23
VJUJUZ,41
VQTQUG,10
NYWDBO,66
OERQYW,64
VPPLUV,96
DMWMDT,70
EQBIQE,82
LPPAOB,44
NEUKET,23
XSEHLD,53
LBUIES,75
DJDOUH,82
XSXQZH,59
QNRAVG,3
NFKNBG,32
BAZTOS,7
VBRWGJ,8
VHYCSW,3
HWVEPC,29
MOSNPO,60
VTKSML,81
XXMMUP,86
OOQTRB,66
OWAROM,87
OIIZEC,45
FLJZYT,54
SUYNYT,78
KBUSCK,50
FCGGQJ,30
LAUROH,93
IAZGGG,15
ACFQCJ,67
PGLLJQ,22
XEJMFG,78
GVZBLV,53
NTWHWE,98
VCVYVU,41
RMAARS,50
ZTJLTZ,15
HRFVMS,8
EERPRA,76
NLIYAJ,47
ZKKXQK,39
UYWCCT,11
URNRYR,17
NEOMXK,92
DWUYIX,70
OZZDPD,78
FCGPUR,84
DUCMUT,92
RZMPDD,31
HQNBDZ,57
BIKLBO,55
GIRYMK,49
RAPOVM,43
GPHSHF,38
NAIQPC,40
GIRIPV,86
UGQOGE,23
CSLHSF,64
WURXFY,93
SIKSSQ,87
DVHRKI,36
XZNCHW,41
VCYTPQ,33
ONNXKC,95
HFZRWO,67
PQOXHR,56
LAEMOQ,46
ASHJSX,0
VUGLUX,8
RAUEAG,93
MSOECS,11
JFLYOZ,30
CDBRRH,41
FJPUXB,18
QOKQDR,31
QSLBNO,22
VIWSGH,73
BWMYSE,89
QKHAIB,24
WNIMHU,34
ZTYDML,29
QSPSTK,99
GQYHQT,12
PHBFPY,52
UTMVMX,92
LLNKRG,6
RYREGM,21
XZHVOA,45
LZPVQG,98
PDBXES,36
RSLOCU,62
VZVCIS,78
ZTSIMU,38
UYXXOD,88
MRYCUZ,39
QSOHWD,53
GXOGSP,95
YXDILE,84
AUFKMW,39
KSOYEF,65
TSYFOF,34
CQMOUE,88
RWJSEM,8
FRVFIA,84
RDUXWX,100
IJPHOE,93
NDZASO,82
VIRLRL,13
HUVKXN,82
VLVWMF,33
ELSVHW,58
XEQVQC,39
KIAFJV,32
XVERSU,7
LUXESR,50
PCTWHE,38
IJLMTL,43
NOZTVN,31
HWVEMD,72
UKNVUV,94
JAEMRP,37
IUCJJE,29
XVHAFL,38
TLNKII,10
JHFIVK,25
BBNKJC,71
RYCPIF,29
AMXWFO,87
DCUKOZ,26
MGHBJI,39
UIWGEJ,38
WWITRJ,38
VNXTYS,12
CUYAEI,35
ZCEFKS,16
AJPHAI,31
WMQIXN,78
ANZGKW,80
LKCTAN,92
YQKDMU,5
AMRMLH,20
YVJYLK,9
FSTXDU,16
PQZJOO,94
LMPSYW,85
CPVDVU,52
EODKPB,31
ADPWJJ,62
YQQFIA,34
JNZRVL,78
AXMUHF,82
CFZKYF,51
JBSZMJ,14
KOEQQE,42
NMTZIE,26
HZRXLL,71
DMMGHE,8
UXCIUR,7
JFBZCK,32
PKBRKQ,24
DGHMBQ,17
RTSBUH,62
NIFMEK,36
USSCBG,1
ADQKPY,7
NEFRQU,76
GPODUQ,6
MWNZCT,48
QKCYTO,56
EFFQPT,75
LTBXGH,47
JNZRUU,36
WCOQIC,94
GWVZDJ,28
DKWZYU,3
WDNRGJ,75
FOWMPF,8
IAYRNF,86
DFIQWS,74
OOUIPW,35
XRCYJE,72
MZPYVK,93
SGULVK,77
VBYGWZ,27
KVDQJL,56
XKIWIS,100
EYVZRC,31
FYCWNI,92
HQEHGC,19
TGDLGX,39
ERXLAQ,55
RMPQNC,36
JTDDLG,37
PYCWQE,27
KQWBFT,100
DSQEYC,7
AMTINR,84
HWSLVB,99
EXHGYW,44
VZZIDG,64
PGIUHO,7
GJCKNB,95
ZBFMDZ,9
ADUWQN,21
JLCJXS,51
ECVSGD,56
XGWVBA,69
LCCOSC,8
DJFRIZ,45
KNPTWF,61
BYASKH,25
UMGXPW,45
BMSZXJ,1
DVWULP,57
CIXFUA,95
DSVUWQ,93
VRUWUG,17
RLQYCE,4
DGFHPE,17
QJXEAP,90
TYQNEX,69
BVLGTG,89
HOTPMC,61
EIBUEK,72
NJCBBQ,14
WSNWPD,38
GWSMDL,29
SJDMDT,51
UCGYLP,69
EWMRSP,90
JWYMWY,50
PFSOKW,40
VAMYNV,30
WYPZJG,33
BXSUGS,53
RCPZKN,55
QQZNKT,80
AHGFAD,4
VRRCRK,14
LEXBVK,60
GJQTZL,69
KSFXEW,18
WJAAWO,93
MNLUXW,4
HUIPMA,46
JZGDUO,85
AUCWND,26
SVRATY,66
UFCTZI,43
HNYBYY,88
OLTXJZ,83
BNQETV,99
GLOSZQ,70
RJNZGN,76
RDXQBO,29
IYUDZT,55
WFESYI,0
KIYPPB,5
ZNVPGL,63
RIJGUT,50
USBXFE,91
HFAIYW,34
ZQUNRW,36
WDYIXI,40
HXZSPH,49
GDIYWR,25
BYURFA,22
SOCIIA,10
USJWSW,57
LBWTWU,67
USOXNY,12
PROCAR,54
LFKQHN,7
PPTLDA,78
XMTPDV,0
RWYYHR,50
CBKHNW,79
BNJEFM,34
QMBXWC,9
MTMJKC,82
YXJJXO,59
RMBHJQ,41
UJVGLD,56
WQITJH,28
RMTEMR,94
OZVDXX,32
EPVMIR,45
HIDQVU,63
XBLTVK,2
FPEVNW,64
PQITZP,40
CTGGLL,100
IXAUEH,14
ONWJVY,93
YBIRZC,3
VSBFTS,83
MAHNWU,45
YZCTGN,58
PHRPOQ,55
XYXENL,31
AHHHCJ,38
NHFXNS,83
AYGZYU,48
BGIGZH,83
LZGTBX,25
VCIAZN,12
LGSQJW,98
QHEUNE,23
BGQHUS,66
GMRDAN,39
ROKHOT,51
BXQMPR,49
ODLZPJ,74
AGBHFZ,64
FRVBRG,68
IVPDVP,20
EPMRBN,88
VAFGIW,78
TQACOZ,71
GJBKLJ,69
VJYGKV,85
FGWIYK,72
NTABHE,54
PHHMQZ,53
KRNYMZ,32
JAQBWZ,86
QXOGBM,97
XUSAQA,21
QFZJDP,42
EGYTST,14
QNRTBH,55
YBGQGJ,18
BLHOHG,86
EFNEDR,45
VPBWPL,84
YXQJLH,64
TRFSUI,64
OSXXPL,11
SPEXHU,94
AYMEIR,37
DTEVYX,88
RIRMSO,94
GYCPIH,91
XBSLRX,21
KVPNZD,75
LOYIZO,1
QYYOGG,34
MCSSQL,34
XZOFJG,38
DXIBUA,18
VVICTW,44
VNTDJT,17
DRQQRN,47
YGFVKC,90
MBNFXW,18
ACSKIF,85
TWWSGT,21
IVUHUW,0
NWXRFP,70
NSNFCM,32
BMVAQH,18
OFCGRH,23
PLXSGF,22
VGQMRG,67
QJURCA,65
DWVUVA,26
UNQETR,78
PEMMGP,93
EBYHFF,41
IMIMDP,94
UJUXRH,30
WJAIFX,26
XSPNOY,65
PNMKMU,69
FWUIXN,60
ZGFHKW,46
EYMPMG,100
RGNWVM,83
CBAXYR,61
QJZRKN,32
UNIGYC,5
OIWMLD,74
GJWIZD,46
MLKEZR,5
WADNTS,95
TZGBQT,81
EWYMWK,65
VBTNHE,99
DSVJME,53
JBQJXT,67
WUTJQQ,93
IDQBYE,32
YMJAMH,18
EOBMLX,27
BQLUGC,46
WTBQQK,94
LXJOQW,84
EFKDBA,55
AAXTWW,51
KSOGZF,68
PFJQBH,7
HYERJO,56
SYLVEV,28
VEIAUL,67
ZGBSAV,11
HALDWD,78
VKGKRO,17
EUADKJ,43
JYNFZW,2
AXPPDV,54
PJBCYB,42
ALQIGS,44
UQXKBB,92
CSIGNZ,79
COIREQ,78
OEAMUB,8
CSRBQA,29
MLYHAH,45
XVFXTE,65
JNRBVC,5
JGSGQW,50
OLRWOS,83
DTXVHC,88
XMAFCX,11
AAMXRR,15
JLOABL,58
YNGTWB,37
VLCIHL,26
PPNQVA,59
ZIIKEM,29
TNRJRK,83
QERJDY,22
MRZDOH,97
AOZHMU,49
GARHBB,27
ITBKAM,57
KZOTWW,97
JHGHVR,59
KJFTNI,33
FYRPXX,1
JLSEBY,42
ASSMTT,93
LGTWXO,91
LPVPGN,32
HKOFKO,90
CRIXCF,97
HCYIMA,80
QERLQD,66
INDCFD,7
DMRYGD,52
XOUGTU,84
IJKHNE,5
PWASLK,69
KHOEWD,62
XFARXZ,9
GATOEB,35
EBGHBL,16
YLQHJX,30
ZLQYLD,76
TAPNNW,55
VOZGRU,37
VZLAZB,48
KQXOIN,61
ECVYLT,35
PUKRIG,31
SAARLA,59
NKZGNM,20
PSYZXV,56
ZXLRHG,25
DHFYQU,68
KGEWZR,57
MLNOLK,15
SRHJHG,96
IARWGF,1
VAOWPM,22
XKHVAS,14
DBCQAL,58
DJQRHF,8
TDIOXV,97
EWVBTD,28
KNVUQO,19
XXUDLL,83
EGKYQF,72
VNIKLZ,72
SXHLHY,73
NNZAIS,6
XIFDRP,20
COFUKJ,64
BYSIHX,12
WQWPIM,54
CSIGRY,28
GTEHHQ,22
VFJUIN,62
FYYLAL,48
XMTVFX,53
LTSHSU,93
BPMJSS,57
NHPHHU,20
APXXZM,86
NUDVTB,13
BJUOQJ,94
YKRROG,15
BAGCZU,8
HZSLOZ,88
RTRMFI,90
ASVCKX,23
QUSTEN,23
AUGCIF,17
MYFTIY,62
XTAIYQ,15
MMVEDJ,24
XENHAS,6
CDKIRC,86
MSHMUE,83
VHFMHV,71
KIGOCU,45
VPKQCA,26
EIABYE,0
VDKDOS,19
VQBIVO,74
LRSLPL,72
QWBVKD,79
FJQLHJ,19
TTJYTY,4
BHLRPV,1
DHGQUN,30
KFUPLL,91
QKNHVB,42
SBIQPF,50
UQTZUO,55
QICDFT,71
GOZHBI,7
KQQJJF,93
LOFMUA,40
UFJHHD,47
IBSVKC,80
WXYGPE,80
TTKUKU,92
EEFJBF,3
WTVCLQ,65
BQLXSV,41
JATGCY,86
JLGNAB,38
YOMRCW,50
OWIHXQ,30
FBAXJI,7
UKKHTU,3
MNFSJZ,78
TBTEZX,54
OWHLVP,90
KLCAIL,81
WBKDSM,83
DZTBTU,62
EKSLML,96
JQFFXI,58
GQUCKH,30
HQWONG,33
HZMXWI,45
GWUQYV,61
UHECWH,23
RSVTXF,3
JWOYVM,38
WDHSZH,34
PTEVTN,31
OIUKMH,94
LKNZFX,87
KIMSLP,35
RMIKGD,5
VBPWNN,85
SVSXOA,0
DZSUKT,24
PUZQOJ,27
ENFWFN,29
BFAQDM,88
SCAQLN,37
NPGVRX,91
YLWJRL,57
TKGTXF,17
TJWLGB,88
ZCBNEQ,12
VUGTFO,68
OOFSRS,26
RTRZJR,73
VNODXC,2
KYLNFW,30
FQKGBI,68
OEIRVZ,70
JPTCNS,90
GKXUCC,89
MZSQFP,69
ZYMFHS,42
SAVQDP,89
VSFYGB,19
ODHNTZ,9
NQWLAE,16
CHETRH,63
NPAHVW,55
XLLEPU,73
PWUVHL,75
PZHECB,59
KHFYTS,71
SNGNXN,25
IFIKKT,79
MDOLUI,67
PTHDKD,85
TKYUML,29
OZJWMV,95
FUUVGF,15
NDKVPE,17
FTPYKY,75
IVHWVN,73
AWUUJO,0
JDMYMG,84
XPFSZT,13
MABLIM,12
BSFYOP,33
ECNWVH,92
UDKEXH,0
DGDSSU,2
CUMTFK,80
YUWMKR,2
KCHPZX,5
NGIAMV,67
KRTSLH,13
LNPGSB,17
XPVZVQ,55
WWNFEA,43
WCAUTP,28
PAUPEI,21
MQXLUS,4
CSTEZI,27
JIFBZN,28
OEAOSE,8
XYFUPO,2
JWYLKA,95
VWWUCJ,100
DPYNSV,1
VMNLID,58
TPAXNO,23
VNOQUC,33
MWTQHP,28
IHSTZO,41
MJWBHF,93
CAVSOB,17
DXTVLR,66
UPGIKD,31
HLAEDE,11
WFJDKW,16
SQJDHG,3
ADPLNP,44
GDYGSV,89
UUYNUM,68
WDJZUY,82
LOWZAD,14
UULTTJ,94
KVTGFZ,97
INEFHA,81
MPCFBZ,72
IMFACN,90
HZLCDM,58
TPEFUS,63
IHTDKE,84
UICGFG,13
RCVYMA,16
IBVJZX,96
HAMPTQ,80
SMMTNR,64
UFZDLN,34
WHMREZ,71
LRZJBR,71
VRYPWO,14
CVROPW,9
XBXBVA,94
YTZWZT,83
VYWFJN,27
FJZIQR,81
TNMNAW,25
KYVOFA,37
GUHJHC,99
YNUBXW,88
FDVLWC,46
PKXPOM,92
MRCXKI,10
SZEMZM,73
EJRWFN,80
ETSWHR,31
NVNRTN,92
AUNHCV,21
IZWNXC,84
RZAOKX,38
EMCTEY,33
EBEECU,30
CWLLDX,92
ETAZGW,19
BFHIZV,23
FKYGCN,49
ICSCMX,52
QCPEPC,69
OBWUTO,75
YQBWQC,22
OJRWIM,39
WYCMMS,99
JUBMRO,61
QNAWZR,76
XHLIOL,9
DJRJXI,77
OKXLFA,54
CMALBW,0
LTEJOG,6
WHSOVR,95
ZXKDOZ,54
QCODPI,48
UINWMS,47
EMNYQA,0
ELOKEI,30
SJNETF,46
GQPXHQ,79
HXBYPI,34
TNZLQY,77
PBOYBY,92
RRXOGS,57
VCVKBI,45
HELOVM,81
WEPIDC,10
EUZOIM,97
OMIWWE,28
VCWOGA,69
XVFETN,27
GEDVUZ,62
CHVZTE,44
LPDNDU,36
NNESIJ,85
GONJOY,39
CQHSUM,63
CIWHVJ,36
KVANRT,99
DAXGHU,23
RJRFTD,20
ZHFEWC,49
EKJGMQ,22
COFIJF,60
IJWLKZ,41
WSRECQ,9
VVLWGW,66
JYJJJE,10
MPEZFM,57
UBKSOB,93
DNTOXJ,61
QKEDFN,15
HGZXML,79
XTJOCK,53
TASRXV,80
PZWJOH,72
JVERAE,14
KFVXEV,57
NYLIAL,21
GFTDEN,56
EVXNCR,50
ZQZHDR,73
ZAJFEL,5
ERYRAB,19
WIROQG,88
DULOCF,84
JAKNGL,79
VZDPKL,55
KLASCY,32
ZUZZGT,73
LXHYGE,41
AUTTEN,39
LZJUQR,66
VBEERY,64
DZNYAR,88
CCCIPO,33
HSHHKT,67
BHHTOE,50
MDUCOK,13
PUZFBY,80
YCBPFI,52
MVHGNY,57
VYZMLU,67
FVCIJL,15
NDWCMQ,68
VJMAIP,36
TJWQXV,66
ZMFJZQ,21
JBEDBC,85
BTCPWP,97
RBLGON,52
HYVDEK,5
TBTTOB,92
TQCUCK,80
HPYTYV,72
OBQYHZ,72
OTCOJX,16
NFRXEL,95
GLBEZV,54
WABABE,73
YRTCTM,24
JTUGJR,76
IVECEC,90
XUZGJT,34
BZNMGK,16
SZIVKF,0
LRIMGB,11
LATOOG,8
ZSMKMO,16
POGOMX,36
OGORIP,60
JHCCRK,79
FJDDRJ,42
YMHTIX,94
YVOASN,69
HJJOPT,11
HVQRNP,59
JAMJTM,25
HROILV,75
MLZDCQ,34
YCZOFZ,29
PSLBPY,1
OMMXCF,43
BKLSRO,9
KJRNYD,14
BTCIDI,3
UHPCPM,5
YVPTAL,99
AZYBSJ,47
ETFEEK,56
QSGQHO,5
URUXID,93
BPWGIG,17
NYNWBC,61
VQEHTS,21
IHCZQP,77
YZGATZ,72
KYRKXX,31
TUDAOM,81
CBQPLT,45
MEEVQR,24
JLINYY,52
EOANCZ,51
NRQFDY,74
WERTFD,66
XSXPKX,35
TCQPYT,18
QKUTCS,80
JRFDLP,36
LNAORH,97
NAZLXW,60
CVYPRS,83
KEEMKJ,81
FVDHEN,75
EJBCNU,57
NHOKVG,8
PUNSBV,46
QBSHYZ,73
TIYNFD,42
JEUABF,18
RKVPZZ,9
UWNPSE,69
XTUSKP,57
MWQDKZ,96
EMQSPY,88
HJWXZM,72
ITCABK,65
LJHUTO,46
AZPCQB,46
KEQHRU,42
ZZUMXR,7
MFNCIH,51
XLHLTB,81
HNOQVD,65
XIKLPI,94
KXDOSY,52
TMZTSB,57
QWMVAK,63
ZTJNWZ,8
QPALKZ,0
QQAQYP,86
PCNSWA,47
CEHAMO,85
EEWBOD,79
JNNOEM,34
WECQNN,84
STDGYS,11
HBRGPI,46
ESCHXN,94
PAXFSC,3
KMJBEY,95
WPGGIX,25
BXKNOT,93
QWTWZG,36
RPWAPZ,16
OGYJOX,72
WQKURC,40
JRIZXU,78
XPWYQB,39
PXBCZG,27
GCXQTL,47
JUZIVW,19
KOYMVP,54
ILXSJY,21
INRPJO,48
EJEQSL,17
ATIFNE,18
YQBNMR,82
POYEXQ,11
ETIKRT,55
RILOLC,36
PESBPV,63
CHIVME,64
RZAGZJ,84
WHPYAS,30
YVEFLI,11
QLOBWY,56
FXCPJJ,21
YCDYKC,72
SVKUQV,80
YIYDHI,82
IDONTY,54
YKDIFW,95
DGFVCH,16
UWIZGO,89
KPGTMN,40
FCTAPQ,95
ODSWAU,83
OGREHB,95
XAYFZC,0
TEUEPX,66
CWVSLY,100
MOHYQI,81
HJJDYT,56
PPHURW,68
NQFRAJ,33
VHTAVM,90
DMQSJC,4
RLKNVS,79
OWSSBG,67
PVRETJ,96
OFZGRB,36
IMDENV,27
RPKFTD,27
XISETN,96
UNSHSH,90
QJAREU,29
FNQFLH,28
GLYFDO,81
WNIMQJ,4
ZDWQPX,85
FGKPFR,100
GOHDOH,50
ZUPAZM,66
ZJNQIG,53
QULFOA,11
ZTFKHL,69
WXNSYO,19
IMFHQY,54
AUSHIT,8
ESBOOV,17
VADZLL,3
TQUAFG,46
FMMPWT,18
KLRFTP,58
AEIKOD,52
SOWYLE,97
KWAMRM,27
FZVEZU,57
HQMREK,76
JAKBTQ,73
TRRTZZ,33
PDKJNJ,97
KCSIGA,4
KDZCSQ,62
HMTQLK,44
HJBZPU,72
UTBKBC,21
XFWLHQ,43
DPAIJG,16
USBBAA,98
TLDPHV,12
CKFANC,13
DZPGDR,24
LFEXLJ,18
KLUVUO,36
IQSWHC,44
JBHFYZ,62
UWGHTM,95
LIVMNT,18
GIPJTM,98
QUKOUC,85
OFXZOU,10
EEMRBT,97
JOYEAE,63
NYHPDY,80
FLZVNH,97
SXDYRY,82
LSPQHP,100
DEOBNZ,4
QLUCQM,25
GYEWOY,47
JNLOUB,87
EQCZGS,75
EXFCVW,90
VIFHIP,55
XPQELC,22
LZWSYI,93
KENIBU,87
YBYUMK,85
YSEGKA,20
IILTED,70
OFXIUA,48
CMKCAA,87
IIOLJP,55
QCDHED,8
COIMAD,15
VIGOWY,59
WEBASN,21
JCXSUC,99
WNAWGP,68
NQTLQY,3
RGSTFE,52
KEANOF,15
JOBNBS,18
COFHYL,75
HIFYPG,56
JRRHHE,41
EZGMXB,17
MTCBJI,58
YZLONQ,44
YYEYDA,97
TTJKNE,89
ARCZBD,12
NDVVVW,65
FLJEWQ,30
QWPNJR,84
MHEDKB,15
QZYDAK,0
CYGZSQ,24
NYWHZJ,29
TSDQDM,87
EHCAFH,0
XFMLWG,61
ZYWOMT,46
BULTYV,95
MWRPXT,39
JIMBKS,11
WBVBOU,75
IGHMMU,20
QEDQPL,40
JEQFCX,47
VSBDUT,97
MJPYJB,98
IOCUZC,12
MWIFLN,99
FUWCVV,61
VVANWA,94
UXVVBH,71
MHWGPB,58
YKZDUT,44
AIPTIW,5
ZEGGBJ,88
PWDLDH,3
OLSNIS,87
TJQETJ,5
DHIAWD,66
BCRAKX,91
WOORVY,79
GKDWUE,2
DDTAHN,66
VFQZQS,27
DHLIYG,74
RWZEFL,86
GYMFNZ,4
WFSOIJ,3
HJPTVV,35
DFZXHT,65
NFFKNK,29
UECHXQ,57
TGLHBJ,39
VRQBEV,100
LVRSAE,77
KTJLOK,85
BPIYVG,93
OISOIK,79
OOSOFV,73
BTKZZL,24
ESNXIV,26
GLHWQA,27
WAPBAB,90
EYNJWI,66
AJFSRD,70
YOZCUO,71
DCHKVO,51
HOLAJO,97
UUYNED,30
VLZRBM,35
PYOIQO,0
ZPPYWM,58
BMKTLE,94
IAMQHP,3
RLVSWI,55
NTKLGJ,11
ARJGMC,44
KJETPO,32
HPZJIV,91
FGUYJP,85
IIBBYR,40
QLDQWN,35
UEBMDL,21
PEIYMH,98
XCEELA,53
YVRUNK,99
AKOEZB,83
XTVPQP,98
YSJMBE,61
GIEBFL,6
JJFUNO,100
HHBLZX,16
RCTTLL,14
VVMGQD,60
NVGBSA,84
DQOPYA,72
IHTZQM,67
HGTBKV,9
YXJUKS,74
XYIFSK,43
AJGMQY,85
PBKRRO,19
OUKPHF,18
DMNWQI,12
KCSQAD,69
PNYUOB,2
UDFBUE,38
ILMQDE,58
RQKBHW,49
ZWSNHO,58
EMGNDS,86
QSAKRU,32
FURLGF,41
XLEFXW,13
LACNVM,45
MLQXXW,15
HVGDRP,66
WOZEEC,1
UQQQYF,13
UFFPVM,27
OAQYPO,47
CKUOGW,63
OHNSRF,83
YZTQCN,91
NNDEFK,3
LELWIC,89
TFRUCZ,83
POFESD,53
TBNDDE,97
NGNOLM,48
HXYTHJ,70
VKKQAX,46
LSMKGZ,10
VCPSKD,0
ZCYQSN,0
QUVBLZ,1
HIMRDP,44
GRBJTQ,70
TJQLLL,93
ZSOFMG,85
JEFUVM,37
JDIIJD,65
ZIWEQB,100
IWGMJF,3
IEWBWP,20
BXRBBT,100
TIOQTH,48
WDWEPG,62
TMRUHD,65
TFFFGY,5
WMNCEK,11
XYJNVA,26
YILSIY,99
DTSYOY,36
JXXGIQ,34
WHWZNR,30
WXLZNO,28
PVGVVJ,40
TBEUXP,58
NLVBPU,64
OLCIEJ,21
VKGSGU,33
IDVSWU,46
CPQTSY,66
UOMUAS,79
WOOVCF,69
HSPJQM,14
BNYVUP,7
HJWNBQ,39
MLUPTD,82
OGRCLR,46
KGHJBL,72
ARBLRS,46
IKLLOQ,35
AYJWKQ,13
BNTEZI,90
YTUAKY,17
PLPAEC,31
WGLZOE,73
OSDTQU,60
WMNPYM,46
PEQRYP,70
OXVXJY,34
NKFPLV,49
VGOFCH,33
IQDVLH,100
EETUDJ,11
DXIGXJ,67
EJDUZR,46
KUNDTD,73
EFPYTQ,5
ZIIDTC,97
WWZJWS,8
ETHRIT,82
AQTNZI,6
LNVABY,17
VRVTGZ,58
RYXJQU,99
GTUGQY,0
PZFIYP,15
CHHZMF,17
RIJKQL,82
TZILIP,12
VPSTBE,24
EFBDDM,56
LPKKCQ,89
NFIXNV,29
PTZTZR,33
IZNMYU,27
FYGLCG,48
TFLOCG,78
SZHFXK,49
QLKDNO,73
ILWPDV,78
OKVSID,35
XFHPGS,51
NPRWBX,38
EGHYSL,41
KVFNTH,45
BOEUHS,94
WUIUAT,78
WZMCQD,44
SHONVI,68
LPWXFK,78
MLTAEY,91
NPBZSS,36
QWEGXR,11
COFNAK,84
VIQWGW,10
NNJMBO,59
SWRDVI,84
DWQZDF,47
